FECHA;T. Máxima;T.Mínima
07/05/2013;21.3;14.3
08/05/2013;18.8;13.0
09/05/2013;13.2;9.3
10/05/2013;15.0;7.9
11/05/2013;15.7;8.1
12/05/2013;14.9;7.1
13/05/2013;20.7;3.5
14/05/2013;22.9;5.5
15/05/2013;12.0;5.8
16/05/2013;12.0;1.7
17/05/2013;12.8;5.9
18/05/2013;13.9;6.2
19/05/2013;;
20/05/2013;14.1;4.5
21/05/2013;11.3;2.5
22/05/2013;14.8;9.1
23/05/2013;12.8;9.0
24/05/2013;14.6;6.4
25/05/2013;14.3;6.5
26/05/2013;19.4;1.2
27/05/2013;18.5;8.6
28/05/2013;13.9;7.1
29/05/2013;15.2;3.5
30/05/2013;14.1;6.6
31/05/2013;12.7;9.2
01/06/2013;14.3;9.7
02/06/2013;12.5;8.3
03/06/2013;17.9;6.7
04/06/2013;22.6;3.9
05/06/2013;27.4;5.6
06/06/2013;24.0;11.8
07/06/2013;20.1;11.3
08/06/2013;15.7;10.2
09/06/2013;16.7;11.5
10/06/2013;21.6;9.8
11/06/2013;25.2;14.8
12/06/2013;29.8;13.6
13/06/2013;18.9;13.8
14/06/2013;27.7;13.3
15/06/2013;23.3;9.9
16/06/2013;30.9;12.0
17/06/2013;21.9;10.9
18/06/2013;14.7;9.8
19/06/2013;13.1;9.1
20/06/2013;20.1;10.1
21/06/2013;16.0;11.9
22/06/2013;25.4;9.6
23/06/2013;17.2;11.2
24/06/2013;19.3;9.6
25/06/2013;20.8;7.2
26/06/2013;21.6;9.2
27/06/2013;21.0;10.4
28/06/2013;22.3;8.2
29/06/2013;24.5;8.5
30/06/2013;25.8;10.4
01/07/2013;25.0;14.7
02/07/2013;28.8;15.8
03/07/2013;26.5;13.6
04/07/2013;27.5;16.5
05/07/2013;30.4;13.7
06/07/2013;31.0;15.3
07/07/2013;30.2;11.5
08/07/2013;31.6;13.5
09/07/2013;32.2;16.4
10/07/2013;31.3;17.1
11/07/2013;31.1;17.7
12/07/2013;33.2;16.3
13/07/2013;29.4;16.0
14/07/2013;27.5;16.0
15/07/2013;28.8;13.5
16/07/2013;28.4;14.9
17/07/2013;27.0;13.8
18/07/2013;27.8;13.3
19/07/2013;30.4;13.5
20/07/2013;31.4;15.8
21/07/2013;31.6;16.3
22/07/2013;32.3;15.6
23/07/2013;30.0;17.3
24/07/2013;31.7;17.6
25/07/2013;34.2;19.1
26/07/2013;33.8;18.9
27/07/2013;25.4;17.6
28/07/2013;26.9;12.9
29/07/2013;27.4;13.6
30/07/2013;31.6;12.3
31/07/2013;35.1;14.7
01/08/2013;36.2;19.8
02/08/2013;33.8;18.4
03/08/2013;26.8;17.1
04/08/2013;30.6;16.7
05/08/2013;24.3;16.3
06/08/2013;25.9;16.9
07/08/2013;22.5;14.8
08/08/2013;22.0;12.1
09/08/2013;26.5;10.0
10/08/2013;26.1;11.0
11/08/2013;31.7;13.0
12/08/2013;26.0;17.4
13/08/2013;24.5;16.2
14/08/2013;;
15/08/2013;;
16/08/2013;26.4;14.2
17/08/2013;28.7;14.3
18/08/2013;32.2;12.7
19/08/2013;22.3;17.0
20/08/2013;27.1;11.2
21/08/2013;32.7;11.0
22/08/2013;32.1;14.5
23/08/2013;25.3;16.7
24/08/2013;21.7;14.7
25/08/2013;24.3;13.7
26/08/2013;21.2;13.8
27/08/2013;21.8;12.9
28/08/2013;22.3;13.6
29/08/2013;23.7;13.4
30/08/2013;24.5;11.3
31/08/2013;23.1;9.2
01/09/2013;24.1;15.3
02/09/2013;26.6;13.5
03/09/2013;30.3;8.9
04/09/2013;31.0;12.2
05/09/2013;28.0;15.4
06/09/2013;24.2;14.3
07/09/2013;18.5;13.3
08/09/2013;17.6;11.3
09/09/2013;23.7;7.8
10/09/2013;21.9;11.2
11/09/2013;19.1;11.1
12/09/2013;21.8;9.2
13/09/2013;23.0;12.2
14/09/2013;27.3;10.6
15/09/2013;20.5;12.2
16/09/2013;25.2;7.4
17/09/2013;18.7;12.2
18/09/2013;24.1;8.9
19/09/2013;21.6;14.4
20/09/2013;23.9;15.3
21/09/2013;24.3;13.0
22/09/2013;28.9;7.2
23/09/2013;27.5;9.6
24/09/2013;28.5;12.8
25/09/2013;;
26/09/2013;;
27/09/2013;28.7;14.8
28/09/2013;21.7;15.7
29/09/2013;23.3;16.2
30/09/2013;25.3;16.3
01/10/2013;21.3;17.2
02/10/2013;25.3;17.7
03/10/2013;27.2;18.5
04/10/2013;24.2;13.2
05/10/2013;21.0;8.6
06/10/2013;17.8;12.2
07/10/2013;19.7;8.3
08/10/2013;18.0;6.1
09/10/2013;18.6;10.6
10/10/2013;18.1;5.0
11/10/2013;13.7;7.0
12/10/2013;17.7;1.4
13/10/2013;18.6;3.4
14/10/2013;20.2;13.2
15/10/2013;19.3;15.4
16/10/2013;24.5;16.4
17/10/2013;24.0;13.7
18/10/2013;25.7;11.5
19/10/2013;23.9;16.3
20/10/2013;22.4;12.8
21/10/2013;21.0;11.8
22/10/2013;20.1;14.2
23/10/2013;21.6;12.5
24/10/2013;21.3;9.3
25/10/2013;20.2;14.3
26/10/2013;19.9;12.5
27/10/2013;18.8;11.6
28/10/2013;16.1;10.1
29/10/2013;11.4;6.2
30/10/2013;13.8;4.9
31/10/2013;16.8;0.7
01/11/2013;;
02/11/2013;;
03/11/2013;;
04/11/2013;;
05/11/2013;;
06/11/2013;;
07/11/2013;;
08/11/2013;;
09/11/2013;;
10/11/2013;;
11/11/2013;;
12/11/2013;;
13/11/2013;;
14/11/2013;;
15/11/2013;;
16/11/2013;;
17/11/2013;;
18/11/2013;;
19/11/2013;;
20/11/2013;;
22/11/2013;;
23/11/2013;;
24/11/2013;;
25/11/2013;;
26/11/2013;;
27/11/2013;;
28/11/2013;;
29/11/2013;;
30/11/2013;;
01/12/2013;;
02/12/2013;;
03/12/2013;;
04/12/2013;;
05/12/2013;;
06/12/2013;;
07/12/2013;;
08/12/2013;;
09/12/2013;;
05/06/2014;29.1;6.1
06/06/2014;31.3;9.2
07/06/2014;29.3;12.0
08/06/2014;33.0;9.5
09/06/2014;31.2;10.3
11/06/2014;30.9;13.8
12/06/2014;33.5;14.3
13/06/2014;31.1;13.0
14/06/2014;25.3;12.4
15/06/2014;23.9;12.0
16/06/2014;22.0;12.7
17/06/2014;25.1;9.0
18/06/2014;27.1;7.1
19/06/2014;29.6;6.7
20/06/2014;34.2;13.3
21/06/2014;31.7;14.8
22/06/2014;30.5;16.6
23/06/2014;30.3;13.9
24/06/2014;22.8;15.0
25/06/2014;26.0;13.6
26/06/2014;24.8;14.9
27/06/2014;30.0;11.6
28/06/2014;26.9;12.8
29/06/2014;23.5;10.2
30/06/2014;30.3;8.5
01/07/2014;28.9;14.5
02/07/2014;20.7;14.4
03/07/2014;28.1;15.5
04/07/2014;29.0;15.2
05/07/2014;32.8;14.0
06/07/2014;25.8;13.1
07/07/2014;21.9;12.5
08/07/2014;23.0;12.7
09/07/2014;21.6;13.0
10/07/2014;21.9;11.5
11/07/2014;23.6;12.1
12/07/2014;23.7;13.0
13/07/2014;29.4;8.8
14/07/2014;27.2;14.1
15/07/2014;33.6;10.8
16/07/2014;;
17/07/2014;39.1;16.7
18/07/2014;36.1;13.6
19/07/2014;29.3;14.3
20/07/2014;24.4;14.0
21/07/2014;;
22/07/2014;28.6;10.0
23/07/2014;31.8;13.9
24/07/2014;29.0;13.1
25/07/2014;28.6;17.5
26/07/2014;;
27/07/2014;30.0;12.4
28/07/2014;;
29/07/2014;23.7;13.9
30/07/2014;25.1;9.7
31/07/2014;32.9;9.8
01/08/2014;27.7;16.0
02/08/2014;29.2;16.1
03/08/2014;29.7;14.3
04/08/2014;26.1;16.2
05/08/2014;29.3;11.8
06/08/2014;29.9;11.2
07/08/2014;32.7;15.5
08/08/2014;34.5;16.2
09/08/2014;32.6;17.6
10/08/2014;33.3;15.2
11/08/2014;25.4;16.6
12/08/2014;29.9;15.0
13/08/2014;23.0;13.4
14/08/2014;25.1;10.8
15/08/2014;25.4;12.6
16/08/2014;23.1;11.3
17/08/2014;32.2;4.9
18/08/2014;28.6;10.4
19/08/2014;26.1;15.6
20/08/2014;24.0;12.0
21/08/2014;26.3;8.9
22/08/2014;17.7;11.5
23/08/2014;25.6;6.6
24/08/2014;34.0;7.7
25/08/2014;35.7;8.1
26/08/2014;32.7;12.8
27/08/2014;34.9;19.0
28/08/2014;34.8;16.5
29/08/2014;25.6;17.0
30/08/2014;24.5;13.7
31/08/2014;28.5;16.4
01/09/2014;31.3;12.8
02/09/2014;32.8;10.6
03/09/2014;35.4;11.3
04/09/2014;30.4;13.5
05/09/2014;31.1;11.2
06/09/2014;33.3;12.5
08/09/2014;32.0;14.9
09/09/2014;33.8;14.7
10/09/2014;34.4;13.5
11/09/2014;29.6;15.7
12/09/2014;30.4;16.1
13/09/2014;31.7;10.8
14/09/2014;30.6;13.6
15/09/2014;27.1;12.6
16/09/2014;29.7;12.9
17/09/2014;29.0;15.1
18/09/2014;29.1;12.5
19/09/2014;26.5;12.7
20/09/2014;27.9;11.9
21/09/2014;28.7;12.1
22/09/2014;23.1;15.7
23/09/2014;19.6;10.6
24/09/2014;21.0;7.2
25/09/2014;21.8;7.1
26/09/2014;25.1;7.1
27/09/2014;26.9;7.5
28/09/2014;23.1;14.0
29/09/2014;25.3;15.8
30/09/2014;22.3;13.8
01/10/2014;24.8;9.9
02/10/2014;26.0;9.1
03/10/2014;;
04/10/2014;;
05/10/2014;;
06/10/2014;24.4;5.8
07/10/2014;23.6;16.3
08/10/2014;24.4;16.2
09/10/2014;22.5;13.0
10/10/2014;23.3;11.4
11/10/2014;21.2;12.0
12/10/2014;20.5;12.8
13/10/2014;19.7;11.3
14/10/2014;22.0;8.1
15/10/2014;18.2;12.0
16/10/2014;24.8;15.1
17/10/2014;27.6;16.1
18/10/2014;28.1;12.1
19/10/2014;28.7;11.1
20/10/2014;28.1;8.6
21/10/2014;28.0;8.9
22/10/2014;22.4;7.1
23/10/2014;24.5;1.9
24/10/2014;28.0;5.2
25/10/2014;29.3;6.8
26/10/2014;;
27/10/2014;24.6;5.7
28/10/2014;22.9;8.2
29/10/2014;24.4;7.6
30/10/2014;21.9;8.6
31/10/2014;16.3;8.2
01/11/2014;21.8;12.3
02/11/2014;17.1;9.3
03/11/2014;15.9;8.8
04/11/2014;;
05/11/2014;;
06/11/2014;13.4;3.7
07/11/2014;16.1;6.0
08/11/2014;;
09/11/2014;;
10/11/2014;12.8;0.1
11/11/2014;13.4;7.7
12/11/2014;15.3;8.9
13/11/2014;16.5;9.2
14/11/2014;15.3;9.9
15/11/2014;12.8;8.1
16/11/2014;14.4;7.5
17/11/2014;15.0;4.9
18/11/2014;12.7;1.5
19/11/2014;14.6;6.3
20/11/2014;;
21/11/2014;14.0;4.5
22/11/2014;17.5;8.8
23/11/2014;18.0;7.3
24/11/2014;15.2;7.0
25/11/2014;16.0;9.7
26/11/2014;;
27/11/2014;15.7;5.4
28/11/2014;15.5;9.7
29/11/2014;12.3;9.4
30/11/2014;;
01/12/2014;;
02/12/2014;10.4;7.8
03/12/2014;9.0;4.9
04/12/2014;10.1;4.7
05/12/2014;11.0;4.2
06/12/2014;7.8;1.7
07/12/2014;7.5;0.9
08/12/2014;11.0;6.2
09/12/2014;8.4;4.9
10/12/2014;13.0;3.8
11/12/2014;16.1;2.0
12/12/2014;11.0;3.3
13/12/2014;10.3;5.5
14/12/2014;8.9;6.2
15/12/2014;12.3;4.9
16/12/2014;11.9;5.2
17/12/2014;14.3;6.7
18/12/2014;15.8;5.2
19/12/2014;9.2;3.4
20/12/2014;13.9;3.8
21/12/2014;16.9;1.6
22/12/2014;8.2;1.2
23/12/2014;4.7;1.5
24/12/2014;10.1;-0.5
25/12/2014;10.5;2.4
26/12/2014;14.0;6.1
27/12/2014;8.7;6.2
28/12/2014;8.3;1.8
29/12/2014;6.6;-2.8
30/12/2014;9.3;-5.0
31/12/2014;11.3;-5.9
01/01/2015;13.8;-6.0
02/01/2015;11.3;-5.1
03/01/2015;17.1;-3.4
04/01/2015;9.0;-2.3
05/01/2015;8.6;-0.3
06/01/2015;10.2;-0.1
07/01/2015;10.2;-1.8
08/01/2015;7.8;-2.4
09/01/2015;16.2;-2.0
10/01/2015;20.0;-0.8
11/01/2015;12.6;-1.5
12/01/2015;9.6;-1.9
13/01/2015;11.5;-2.0
14/01/2015;12.9;5.9
15/01/2015;14.2;8.1
16/01/2015;8.9;1.9
17/01/2015;8.2;0.2
18/01/2015;4.8;-0.7
19/01/2015;7.7;-0.4
20/01/2015;4.9;-0.4
21/01/2015;6.3;1.2
22/01/2015;5.1;1.1
23/01/2015;8.2;-1.3
24/01/2015;7.1;-4.3
25/01/2015;9.6;1.7
26/01/2015;8.1;1.9
27/01/2015;10.7;3.7
28/01/2015;10.3;4.8
29/01/2015;12.2;5.4
30/01/2015;11.6;7.2
31/01/2015;8.5;0.5
01/02/2015;5.5;0.5
02/02/2015;6.8;1.7
03/02/2015;8.6;-0.3
04/02/2015;3.4;-1.8
05/02/2015;3.7;-0.9
06/02/2015;4.4;-3.8
07/02/2015;1.9;-0.8
08/02/2015;4.3;-1.0
09/02/2015;10.0;-5.4
10/02/2015;4.9;-6.7
11/02/2015;5.9;-7.5
12/02/2015;10.7;-3.9
13/02/2015;10.7;-2.0
14/02/2015;8.1;0.8
15/02/2015;12.0;6.2
16/02/2015;13.1;4.4
17/02/2015;7.2;3.3
18/02/2015;9.5;-0.2
19/02/2015;15.5;-2.1
20/02/2015;8.4;0.0
21/02/2015;9.3;3.1
22/02/2015;9.7;3.1
23/02/2015;13.8;4.9
24/02/2015;8.3;2.5
25/02/2015;10.1;2.5
26/02/2015;15.1;9.2
27/02/2015;10.2;4.3
28/02/2015;12.8;4.2
01/03/2015;16.5;8.6
02/03/2015;16.4;8.5
03/03/2015;20.9;8.4
04/03/2015;9.0;3.5
05/03/2015;11.7;2.3
06/03/2015;22.8;-1.9
07/03/2015;25.2;-1.1
08/03/2015;20.6;-0.4
09/03/2015;24.8;-1.9
10/03/2015;23.7;0.1
11/03/2015;23.2;1.3
12/03/2015;;
13/03/2015;14.4;4.6
14/03/2015;;
15/03/2015;;
16/03/2015;15.2;1.7
17/03/2015;16.8;-0.6
18/03/2015;13.3;4.1
19/03/2015;15.3;7.0
20/03/2015;9.2;4.7
21/03/2015;8.3;4.1
22/03/2015;;
23/03/2015;4.3;0.9
24/03/2015;7.7;2.4
25/03/2015;8.9;1.3
26/03/2015;;
27/03/2015;17.9;6.5
28/03/2015;22.2;4.1
29/03/2015;22.9;3.2
30/03/2015;22.3;6.2
31/03/2015;;
01/04/2015;;
02/04/2015;22.4;-0.2
03/04/2015;21.6;2.0
04/04/2015;;
05/04/2015;16.6;5.2
06/04/2015;20.7;-0.5
07/04/2015;22.6;0.9
08/04/2015;21.3;3.5
09/04/2015;17.6;6.1
10/04/2015;;
11/04/2015;20.0;9.8
12/04/2015;25.9;3.7
13/04/2015;;
14/04/2015;28.1;5.2
15/04/2015;21.8;11.4
16/04/2015;19.9;9.5
17/04/2015;18.1;7.0
18/04/2015;20.1;8.7
19/04/2015;17.3;5.2
20/04/2015;24.0;3.2
21/04/2015;25.5;4.1
22/04/2015;24.3;9.3
23/04/2015;24.1;8.4
24/04/2015;23.3;6.4
25/04/2015;21.1;11.9
26/04/2015;17.5;10.0
27/04/2015;16.3;9.0
28/04/2015;17.1;7.7
29/04/2015;19.3;7.0
30/04/2015;21.8;3.7
01/05/2015;18.4;14.7
02/05/2015;25.9;15.6
03/05/2015;23.1;15.8
04/05/2015;28.5;13.6
05/05/2015;19.9;10.6
06/05/2015;22.1;4.5
07/05/2015;29.9;5.6
08/05/2015;25.2;12.6
09/05/2015;25.6;7.2
10/05/2015;33.8;8.8
11/05/2015;34.9;10.1
12/05/2015;34.7;11.3
13/05/2015;34.9;15.1
14/05/2015;22.9;9.4
15/05/2015;14.9;7.0
16/05/2015;18.7;10.2
17/05/2015;20.5;9.0
18/05/2015;26.5;2.5
19/05/2015;14.3;9.2
20/05/2015;14.4;5.9
21/05/2015;15.7;7.4
22/05/2015;16.7;7.9
23/05/2015;18.9;7.8
24/05/2015;19.3;10.5
25/05/2015;19.7;12.5
26/05/2015;19.1;8.6
27/05/2015;22.7;10.0
28/05/2015;26.0;4.1
29/05/2015;20.4;9.1
30/05/2015;25.9;4.1
31/05/2015;28.5;6.6
01/06/2015;29.4;12.4
02/06/2015;33.5;13.1
03/06/2015;31.0;13.3
04/06/2015;35.5;13.9
05/06/2015;35.0;13.5
06/06/2015;25.5;14.4
07/06/2015;31.9;14.7
08/06/2015;30.2;13.1
09/06/2015;24.4;11.2
10/06/2015;18.4;11.8
11/06/2015;22.7;12.8
12/06/2015;24.1;12.2
13/06/2015;21.9;13.5
14/06/2015;22.9;9.6
15/06/2015;19.8;11.0
16/06/2015;20.7;9.8
17/06/2015;21.5;10.4
18/06/2015;24.5;8.2
19/06/2015;23.6;9.9
20/06/2015;27.6;8.5
21/06/2015;30.5;9.3
22/06/2015;35.9;10.4
23/06/2015;27.2;13.5
24/06/2015;28.6;8.3
25/06/2015;35.1;9.9
26/06/2015;36.8;13.1
27/06/2015;33.2;11.9
28/06/2015;32.9;12.8
29/06/2015;38.2;14.2
30/06/2015;;
01/07/2015;38.7;17.1
02/07/2015;29.4;15.9
03/07/2015;38.4;16.1
04/07/2015;35.3;16.6
05/07/2015;29.5;19.0
06/07/2015;38.4;17.6
07/07/2015;31.0;16.1
08/07/2015;25.0;16.5
09/07/2015;28.6;15.3
10/07/2015;38.7;10.8
11/07/2015;25.3;15.7
12/07/2015;27.7;17.1
13/07/2015;31.6;11.1
14/07/2015;33.1;11.1
15/07/2015;35.5;15.0
16/07/2015;38.2;16.3
17/07/2015;;
18/07/2015;;
19/07/2015;33.5;15.8
20/07/2015;36.2;15.4
21/07/2015;32.4;19.2
22/07/2015;26.8;18.4
23/07/2015;32.8;17.3
24/07/2015;32.8;13.5
25/07/2015;25.0;15.4
26/07/2015;35.5;10.0
27/07/2015;27.0;17.2
28/07/2015;33.6;14.2
29/07/2015;28.1;13.8
30/07/2015;18.6;13.1
31/07/2015;23.4;13.7
01/08/2015;25.3;11.8
02/08/2015;;
03/08/2015;34.4;15.2
04/08/2015;25.7;16.9
05/08/2015;36.8;14.2
06/08/2015;37.1;11.0
07/08/2015;25.0;16.5
08/08/2015;21.5;15.0
09/08/2015;26.1;11.5
10/08/2015;34.7;10.0
11/08/2015;36.1;13.9
12/08/2015;34.1;19.0
13/08/2015;25.5;16.4
14/08/2015;23.0;15.1
15/08/2015;23.7;13.2
16/08/2015;27.7;9.3
17/08/2015;27.0;14.3
18/08/2015;24.9;11.2
19/08/2015;29.3;9.8
20/08/2015;35.4;9.8
21/08/2015;36.7;11.8
22/08/2015;33.2;16.8
23/08/2015;24.5;14.9
24/08/2015;25.5;13.0
25/08/2015;30.6;9.5
26/08/2015;32.7;12.2
27/08/2015;31.7;18.3
28/08/2015;36.1;18.6
29/08/2015;36.9;15.8
30/08/2015;34.3;20.1
31/08/2015;26.1;15.6
01/09/2015;20.6;14.4
02/09/2015;20.0;11.0
03/09/2015;18.9;13.1
04/09/2015;17.6;11.5
05/09/2015;21.1;10.7
06/09/2015;23.0;5.9
07/09/2015;22.2;6.5
08/09/2015;27.6;5.9
09/09/2015;28.2;8.2
10/09/2015;24.0;13.3
11/09/2015;29.4;9.2
12/09/2015;27.2;15.8
13/09/2015;21.7;13.8
14/09/2015;22.7;13.2
15/09/2015;20.9;10.9
16/09/2015;23.4;16.9
17/09/2015;19.5;9.5
18/09/2015;22.8;7.6
19/09/2015;24.0;8.4
20/09/2015;26.7;7.9
21/09/2015;28.3;6.8
22/09/2015;22.8;13.4
23/09/2015;17.3;12.8
24/09/2015;25.0;13.0
25/09/2015;26.2;8.6
26/09/2015;26.2;10.7
27/09/2015;23.5;7.7
28/09/2015;25.8;7.1
29/09/2015;22.9;5.9
30/09/2015;;
01/10/2015;25.6;7.0
02/10/2015;18.2;7.4
03/10/2015;23.2;3.9
04/10/2015;22.4;6.7
05/10/2015;;
06/10/2015;;
07/10/2015;20.5;11.6
08/10/2015;19.9;7.1
09/10/2015;24.5;3.0
10/10/2015;25.2;3.0
11/10/2015;20.8;10.4
12/10/2015;21.4;9.8
13/10/2015;15.2;10.7
14/10/2015;15.1;4.6
15/10/2015;17.4;0.0
16/10/2015;17.8;-0.3
17/10/2015;19.2;2.0
18/10/2015;19.0;12.4
19/10/2015;16.6;13.3
20/10/2015;;
21/10/2015;14.1;9.7
22/10/2015;;
23/10/2015;18.9;4.0
24/10/2015;18.6;8.5
25/10/2015;21.8;9.8
26/10/2015;21.7;6.8
27/10/2015;;
28/10/2015;16.9;10.1
29/10/2015;;
30/10/2015;;
31/10/2015;;
01/11/2015;;
02/11/2015;;
03/11/2015;;
04/11/2015;15.9;9.1
05/11/2015;;
06/11/2015;;
07/11/2015;21.5;9.0
08/11/2015;18.7;9.0
09/11/2015;20.6;8.2
10/11/2015;18.6;5.8
11/11/2015;11.2;6.3
12/11/2015;10.5;7.3
13/11/2015;;
14/11/2015;;
15/11/2015;15.3;3.2
16/11/2015;16.9;2.1
17/11/2015;;
18/11/2015;17.1;2.7
19/11/2015;18.2;3.2
20/11/2015;;
21/11/2015;13.4;3.8
22/11/2015;6.9;2.2
23/11/2015;7.5;-0.8
24/11/2015;9.4;3.8
25/11/2015;15.2;8.5
26/11/2015;12.4;7.8
27/11/2015;13.3;8.2
28/11/2015;11.6;3.5
29/11/2015;14.5;-0.5
30/11/2015;;
01/12/2015;;
02/12/2015;;
03/12/2015;;
04/12/2015;;
05/12/2015;16.6;3.6
06/12/2015;12.7;2.3
07/12/2015;13.9;4.8
08/12/2015;13.8;7.6
09/12/2015;16.3;2.1
10/12/2015;;
11/12/2015;;
12/12/2015;7.0;4.2
13/12/2015;;
14/12/2015;;
15/12/2015;11.8;4.8
16/12/2015;17.0;4.9
17/12/2015;;
18/12/2015;;
19/12/2015;18.6;5.2
20/12/2015;;
21/12/2015;;
22/12/2015;;
23/12/2015;14.1;0.4
24/12/2015;11.4;3.9
25/12/2015;13.5;4.2
26/12/2015;7.6;2.7
27/12/2015;7.7;1.6
28/12/2015;15.9;-0.7
29/12/2015;12.1;6.1
30/12/2015;;
31/12/2015;;
01/01/2016;13.8;0.2
02/01/2016;;
03/01/2016;;
04/01/2016;10.5;7.3
05/01/2016;;
06/01/2016;11.2;4.4
07/01/2016;16.3;11.2
08/01/2016;18.7;11.1
09/01/2016;;
10/01/2016;14.0;8.7
11/01/2016;13.7;7.0
12/01/2016;9.8;0.3
13/01/2016;8.4;-2.6
14/01/2016;11.7;5.4
15/01/2016;7.2;1.4
16/01/2016;;
17/01/2016;;
18/01/2016;;
19/01/2016;7.8;-0.4
20/01/2016;11.3;-1.1
21/01/2016;;
22/01/2016;14.4;4.6
23/01/2016;17.7;5.0
24/01/2016;9.3;3.8
25/01/2016;10.2;7.9
26/01/2016;9.9;6.2
27/01/2016;10.8;6.8
28/01/2016;8.4;6.5
29/01/2016;10.8;0.7
30/01/2016;11.1;-0.6
31/01/2016;13.1;5.7
01/02/2016;14.5;3.6
02/02/2016;;
03/02/2016;;
04/02/2016;;
05/02/2016;;
06/02/2016;;
07/02/2016;11.1;4.1
08/02/2016;14.8;8.5
09/02/2016;14.5;7.7
10/02/2016;13.9;5.7
11/02/2016;13.4;5.8
12/02/2016;16.2;7.3
13/02/2016;17.2;12.3
14/02/2016;12.9;4.1
15/02/2016;6.5;0.6
16/02/2016;6.6;-1.1
17/02/2016;6.0;-4.7
18/02/2016;9.1;1.1
19/02/2016;13.1;-3.0
20/02/2016;18.7;-3.5
21/02/2016;16.3;-1.4
22/02/2016;15.5;0.4
23/02/2016;16.2;2.6
24/02/2016;12.6;0.8
25/02/2016;12.4;4.8
26/02/2016;13.3;2.8
27/02/2016;5.8;1.9
28/02/2016;8.0;3.7
29/02/2016;9.2;1.0
01/03/2016;15.7;0.3
02/03/2016;12.7;3.9
03/03/2016;11.2;2.5
04/03/2016;13.3;0.7
05/03/2016;9.4;2.7
06/03/2016;8.8;2.2
07/03/2016;8.7;3.0
08/03/2016;9.4;0.7
09/03/2016;9.8;2.2
10/03/2016;6.9;0.8
11/03/2016;8.6;3.0
12/03/2016;7.9;4.2
13/03/2016;11.3;3.9
14/03/2016;9.8;0.8
15/03/2016;17.3;0.3
16/03/2016;9.8;-1.4
17/03/2016;13.0;2.6
18/03/2016;12.4;1.8
19/03/2016;9.9;6.1
20/03/2016;15.4;3.6
21/03/2016;13.6;1.4
22/03/2016;10.2;6.1
23/03/2016;11.3;4.8
24/03/2016;18.4;4.5
25/03/2016;13.1;1.5
26/03/2016;20.8;8.7
27/03/2016;14.7;4.6
28/03/2016;15.2;10.1
29/03/2016;16.4;10.8
30/03/2016;25.0;6.6
31/03/2016;10.1;3.2
01/04/2016;12.2;1.1
02/04/2016;19.4;-2.4
03/04/2016;13.7;4.0
04/04/2016;13.1;5.4
05/04/2016;12.9;4.0
06/04/2016;15.7;4.0
07/04/2016;12.6;4.7
08/04/2016;11.6;2.2
09/04/2016;15.5;4.4
10/04/2016;18.9;2.7
11/04/2016;15.1;3.5
12/04/2016;17.7;2.7
13/04/2016;18.3;3.8
14/04/2016;21.3;4.8
15/04/2016;21.2;9.4
16/04/2016;18.0;10.1
17/04/2016;18.0;7.9
18/04/2016;19.3;6.4
19/04/2016;18.8;4.6
20/04/2016;16.5;8.6
21/04/2016;19.5;8.5
22/04/2016;20.1;5.5
23/04/2016;16.7;6.0
24/04/2016;13.2;7.1
25/04/2016;17.8;0.8
26/04/2016;18.3;3.4
27/04/2016;14.8;7.6
28/04/2016;12.8;5.8
29/04/2016;21.9;-0.3
30/04/2016;13.3;4.9
01/05/2016;15.0;0.2
02/05/2016;20.6;-0.5
03/05/2016;19.7;0.5
04/05/2016;29.2;1.0
05/05/2016;26.4;4.9
06/05/2016;21.1;11.4
07/05/2016;21.4;11.8
08/05/2016;20.6;12.4
09/05/2016;22.0;9.7
10/05/2016;22.1;7.1
11/05/2016;19.5;8.3
12/05/2016;18.0;8.8
13/05/2016;18.0;8.4
14/05/2016;19.8;9.6
15/05/2016;17.9;10.3
16/05/2016;20.8;5.7
17/05/2016;23.7;5.6
18/05/2016;24.7;7.2
19/05/2016;22.1;9.0
20/05/2016;30.7;8.2
21/05/2016;30.8;8.4
22/05/2016;17.7;6.5
23/05/2016;19.9;2.3
24/05/2016;26.0;7.5
25/05/2016;24.2;12.5
26/05/2016;26.6;11.3
27/05/2016;27.8;9.4
28/05/2016;23.8;11.5
29/05/2016;21.4;11.2
30/05/2016;19.2;10.6
31/05/2016;20.7;10.1
01/06/2016;23.5;4.3
02/06/2016;25.5;7.5
03/06/2016;30.6;11.7
04/06/2016;24.9;13.1
05/06/2016;30.0;12.7
06/06/2016;27.0;15.4
07/06/2016;31.7;11.1
08/06/2016;33.7;11.6
09/06/2016;31.0;13.0
10/06/2016;21.0;14.5
11/06/2016;23.4;10.2
12/06/2016;28.4;10.0
13/06/2016;27.3;13.2
14/06/2016;25.8;13.1
15/06/2016;21.2;10.3
16/06/2016;19.8;8.9
17/06/2016;18.9;10.2
18/06/2016;18.3;9.0
19/06/2016;21.6;9.2
20/06/2016;30.3;8.1
21/06/2016;35.9;10.7
22/06/2016;36.7;14.1
23/06/2016;35.6;14.0
24/06/2016;22.5;16.7
25/06/2016;19.0;14.5
26/06/2016;19.2;10.1
27/06/2016;27.4;10.3
28/06/2016;31.1;8.2
29/06/2016;24.0;13.1
30/06/2016;29.6;10.6
01/07/2016;26.5;11.9
02/07/2016;22.3;13.5
03/07/2016;28.9;8.8
04/07/2016;27.9;12.8
05/07/2016;24.3;17.6
06/07/2016;34.4;16.3
07/07/2016;33.6;16.7
08/07/2016;31.2;16.9
09/07/2016;37.8;13.1
10/07/2016;35.0;15.9
11/07/2016;24.1;15.4
12/07/2016;23.7;14.7
13/07/2016;24.1;15.4
14/07/2016;22.1;9.2
15/07/2016;27.4;6.7
16/07/2016;31.6;7.7
17/07/2016;37.2;10.3
18/07/2016;38.3;13.9
19/07/2016;39.6;15.4
20/07/2016;29.3;16.1
21/07/2016;28.1;17.8
22/07/2016;25.4;14.4
23/07/2016;23.3;15.1
24/07/2016;28.3;11.4
25/07/2016;30.1;12.0
26/07/2016;29.2;15.8
27/07/2016;27.0;16.3
28/07/2016;30.5;14.1
29/07/2016;34.9;12.6
30/07/2016;33.6;18.8
31/07/2016;24.5;16.7
01/08/2016;27.8;12.3
02/08/2016;32.8;10.2
03/08/2016;34.5;11.1
04/08/2016;32.1;13.2
05/08/2016;26.2;12.2
06/08/2016;28.6;10.6
07/08/2016;32.4;9.5
08/08/2016;30.6;10.8
09/08/2016;25.6;14.8
10/08/2016;23.8;10.8
11/08/2016;24.6;10.5
12/08/2016;34.9;7.5
13/08/2016;36.7;10.7
14/08/2016;37.1;13.5
15/08/2016;36.4;16.6
16/08/2016;36.2;13.7
17/08/2016;32.1;19.1
18/08/2016;30.2;17.2
19/08/2016;34.4;12.4
20/08/2016;23.0;14.2
21/08/2016;27.7;7.8
22/08/2016;37.7;8.3
23/08/2016;38.9;11.7
24/08/2016;39.5;14.5
25/08/2016;37.4;12.9
26/08/2016;35.8;14.1
27/08/2016;36.6;12.9
28/08/2016;26.2;18.4
29/08/2016;23.5;16.8
30/08/2016;27.6;14.7
31/08/2016;27.9;11.5
01/09/2016;34.5;12.4
02/09/2016;37.6;13.4
03/09/2016;38.2;13.2
04/09/2016;38.0;13.9
05/09/2016;34.1;11.4
06/09/2016;39.7;10.3
07/09/2016;37.7;12.7
08/09/2016;22.2;17.6
09/09/2016;28.5;15.2
10/09/2016;32.5;10.8
11/09/2016;34.5;10.3
12/09/2016;37.1;12.0
13/09/2016;29.0;13.4
14/09/2016;21.5;9.5
15/09/2016;18.5;10.3
16/09/2016;20.8;13.0
17/09/2016;19.4;11.8
18/09/2016;21.4;10.6
19/09/2016;22.5;5.5
20/09/2016;20.7;10.5
21/09/2016;28.4;8.1
22/09/2016;27.6;14.1
23/09/2016;28.2;14.0
24/09/2016;28.5;9.0
25/09/2016;23.5;12.9
26/09/2016;26.5;11.2
27/09/2016;23.5;9.1
28/09/2016;29.0;13.3
29/09/2016;30.5;8.0
30/09/2016;27.6;7.2
01/10/2016;21.8;14.0
02/10/2016;26.6;9.0
03/10/2016;30.3;14.8
04/10/2016;30.8;10.5
05/10/2016;23.7;11.7
06/10/2016;24.6;10.8
07/10/2016;24.8;5.2
08/10/2016;20.9;5.1
09/10/2016;20.1;6.0
10/10/2016;21.0;1.9
11/10/2016;22.2;0.7
12/10/2016;17.1;10.4
13/10/2016;19.8;11.7
14/10/2016;20.6;7.0
15/10/2016;22.9;5.9
16/10/2016;18.8;9.4
17/10/2016;24.1;11.8
18/10/2016;22.3;9.6
19/10/2016;21.4;6.6
20/10/2016;14.4;3.8
21/10/2016;18.7;-0.6
22/10/2016;18.5;2.1
23/10/2016;21.1;9.2
24/10/2016;20.3;7.3
25/10/2016;24.4;5.3
26/10/2016;26.2;11.0
27/10/2016;25.2;6.3
28/10/2016;26.1;1.4
29/10/2016;28.4;1.8
30/10/2016;30.1;0.6
31/10/2016;22.2;-0.1
01/11/2016;20.7;6.3
02/11/2016;24.6;4.2
03/11/2016;24.1;2.3
04/11/2016;16.2;3.7
05/11/2016;12.8;7.0
06/11/2016;10.1;4.2
07/11/2016;9.9;0.7
08/11/2016;11.5;2.1
09/11/2016;14.8;4.5
10/11/2016;15.0;2.4
11/11/2016;14.9;4.0
12/11/2016;11.4;2.3
13/11/2016;14.0;8.4
14/11/2016;14.2;7.9
15/11/2016;15.6;3.0
16/11/2016;19.2;0.3
17/11/2016;18.8;3.0
18/11/2016;15.2;5.5
19/11/2016;13.7;1.0
20/11/2016;12.6;9.2
21/11/2016;14.9;5.3
22/11/2016;9.3;3.9
23/11/2016;5.8;1.5
24/11/2016;12.9;2.0
25/11/2016;9.0;-0.8
26/11/2016;8.4;-1.4
27/11/2016;16.6;5.2
28/11/2016;8.7;0.2
29/11/2016;12.2;2.9
30/11/2016;15.3;1.8
01/12/2016;9.5;1.1
02/12/2016;13.2;1.5
03/12/2016;5.6;2.7
04/12/2016;15.7;4.9
05/12/2016;19.3;3.5
06/12/2016;9.1;3.0
07/12/2016;10.6;3.8
08/12/2016;8.4;6.6
09/12/2016;12.9;1.8
10/12/2016;10.9;2.0
11/12/2016;10.9;0.0
12/12/2016;18.5;1.2
13/12/2016;5.4;-0.4
14/12/2016;7.1;2.8
15/12/2016;11.3;2.9
16/12/2016;9.4;4.2
17/12/2016;14.8;2.8
18/12/2016;5.5;2.1
19/12/2016;8.8;0.4
20/12/2016;8.6;5.1
21/12/2016;10.5;5.8
22/12/2016;12.2;6.7
23/12/2016;16.4;6.0
24/12/2016;13.1;6.9
25/12/2016;7.6;2.4
26/12/2016;8.7;1.7
27/12/2016;13.3;0.3
28/12/2016;10.6;-0.1
29/12/2016;6.6;-2.5
30/12/2016;0.4;-4.1
31/12/2016;3.1;-1.1
01/01/2017;5.1;-2.0
02/01/2017;7.1;-0.9
03/01/2017;9.6;-2.9
04/01/2017;15.7;-3.1
05/01/2017;10.7;-3.1
06/01/2017;13.0;-6.7
07/01/2017;13.6;-8.1
08/01/2017;15.4;-6.8
09/01/2017;15.3;-0.5
10/01/2017;9.5;2.1
11/01/2017;15.0;4.5
12/01/2017;14.0;3.4
13/01/2017;9.3;2.1
14/01/2017;8.5;0.5
15/01/2017;9.0;2.7
16/01/2017;10.8;6.0
17/01/2017;8.1;0.3
18/01/2017;0.5;-2.6
19/01/2017;5.7;-3.7
20/01/2017;7.1;-5.9
21/01/2017;12.0;-4.1
22/01/2017;9.8;-4.3
23/01/2017;10.1;0.5
24/01/2017;11.9;-3.0
25/01/2017;10.7;-5.2
26/01/2017;7.9;-6.5
27/01/2017;10.4;1.9
28/01/2017;9.1;-1.0
29/01/2017;12.5;-0.9
30/01/2017;15.1;7.0
31/01/2017;14.0;2.0
01/02/2017;13.3;0.9
02/02/2017;13.9;6.9
03/02/2017;13.8;7.8
04/02/2017;14.9;9.6
05/02/2017;12.7;3.2
06/02/2017;13.2;4.7
07/02/2017;11.8;4.0
08/02/2017;8.2;1.1
09/02/2017;12.3;-2.0
10/02/2017;12.1;-0.9
11/02/2017;8.4;2.5
12/02/2017;10.8;4.9
13/02/2017;13.6;5.0
14/02/2017;14.3;0.9
16/02/2017;14.7;2.1
17/02/2017;15.7;1.2
18/02/2017;16.8;-0.7
19/02/2017;17.9;4.5
20/02/2017;16.3;3.1
21/02/2017;17.7;-0.1
22/02/2017;19.2;2.9
23/02/2017;18.3;1.2
24/02/2017;10.8;3.5
25/02/2017;22.9;-2.5
26/02/2017;21.8;-1.2
27/02/2017;17.3;2.4
28/02/2017;13.2;2.8
01/03/2017;15.4;-0.5
02/03/2017;17.6;7.0
03/03/2017;18.3;3.2
04/03/2017;11.8;3.1
05/03/2017;13.1;5.8
06/03/2017;20.3;6.9
07/03/2017;20.2;6.9
08/03/2017;25.8;2.4
09/03/2017;28.2;4.6
10/03/2017;30.7;0.8
11/03/2017;24.5;2.1
12/03/2017;13.1;5.5
13/03/2017;9.8;5.9
14/03/2017;16.0;4.3
15/03/2017;23.0;5.9
16/03/2017;25.0;2.2
17/03/2017;23.5;0.6
18/03/2017;20.8;5.3
19/03/2017;22.8;0.5
20/03/2017;21.4;6.2
21/03/2017;11.2;6.6
22/03/2017;14.0;4.5
23/03/2017;13.3;0.7
24/03/2017;15.8;-4.2
25/03/2017;6.2;3.4
26/03/2017;18.0;3.1
27/03/2017;16.9;8.3
28/03/2017;18.8;4.9
29/03/2017;24.1;1.0
30/03/2017;25.6;3.0
31/03/2017;19.7;10.0
01/04/2017;16.2;6.9
02/04/2017;12.7;2.9
03/04/2017;22.2;0.3
04/04/2017;16.7;3.4
05/04/2017;14.8;7.1
06/04/2017;18.2;7.1
07/04/2017;25.2;-0.3
08/04/2017;28.4;1.6
09/04/2017;27.9;2.3
10/04/2017;28.1;2.4
11/04/2017;22.5;7.2
12/04/2017;27.4;1.5
13/04/2017;28.4;2.4
14/04/2017;19.9;2.8
15/04/2017;18.5;8.4
16/04/2017;23.8;6.5
17/04/2017;24.3;1.6
18/04/2017;20.3;3.2
19/04/2017;17.8;0.6
20/04/2017;21.0;-1.3
21/04/2017;25.5;-1.3
22/04/2017;28.2;2.1
23/04/2017;27.9;1.6
24/04/2017;30.0;2.6
25/04/2017;21.0;9.0
26/04/2017;9.0;3.2
27/04/2017;11.5;1.2
28/04/2017;16.7;-3.0
29/04/2017;22.7;-1.8
30/04/2017;14.3;4.3
01/05/2017;18.7;0.3
02/05/2017;19.7;8.0
03/05/2017;25.3;5.4
04/05/2017;25.0;6.1
05/05/2017;26.5;9.4
06/05/2017;21.2;9.5
07/05/2017;25.0;4.3
08/05/2017;25.0;4.3
09/05/2017;25.5;5.0
10/05/2017;25.0;4.3
11/05/2017;25.0;4.3
12/05/2017;25.0;4.3
13/05/2017;25.0;4.3
14/05/2017;25.3;8.8
15/05/2017;30.1;6.3
16/05/2017;33.3;12.4
17/05/2017;25.6;13.8
18/05/2017;16.3;8.5
19/05/2017;19.7;4.9
20/05/2017;23.0;3.5
21/05/2017;27.5;7.7
22/05/2017;28.9;10.9
23/05/2017;28.3;7.1
24/05/2017;34.6;7.5
25/05/2017;36.3;11.4
26/05/2017;33.8;11.8
27/05/2017;30.5;12.7
28/05/2017;30.5;15.2
29/05/2017;26.6;15.0
30/05/2017;23.4;15.1
31/05/2017;30.1;15.1
01/06/2017;32.8;13.1
02/06/2017;30.7;15.6
03/06/2017;18.5;12.2
04/06/2017;13.5;10.7
05/06/2017;25.0;10.8
06/06/2017;19.8;12.4
07/06/2017;28.4;6.5
08/06/2017;32.5;9.8
09/06/2017;28.1;11.9
10/06/2017;34.6;15.1
11/06/2017;32.8;14.3
12/06/2017;29.3;16.8
13/06/2017;34.3;16.6
14/06/2017;38.4;14.6
15/06/2017;23.4;16.6
16/06/2017;30.5;16.2
17/06/2017;34.0;11.7
18/06/2017;39.2;10.5
19/06/2017;37.1;14.8
20/06/2017;36.1;16.1
21/06/2017;38.6;16.2
22/06/2017;38.6;16.8
23/06/2017;28.0;17.9
24/06/2017;25.7;17.1
25/06/2017;29.4;15.0
26/06/2017;26.6;16.3
27/06/2017;26.4;14.3
28/06/2017;25.9;14.4
29/06/2017;21.7;10.4
30/06/2017;19.2;8.2
01/07/2017;19.4;9.9
02/07/2017;24.8;9.1
03/07/2017;30.3;9.0
04/07/2017;36.3;11.0
05/07/2017;36.9;16.2
06/07/2017;31.7;17.1
07/07/2017;33.2;13.5
08/07/2017;26.4;16.3
09/07/2017;32.8;14.4
10/07/2017;23.8;16.2
11/07/2017;34.1;12.5
12/07/2017;29.3;12.0
13/07/2017;26.9;13.5
14/07/2017;24.9;16.3
15/07/2017;28.4;16.2
16/07/2017;34.8;11.9
17/07/2017;37.7;17.4
18/07/2017;36.9;17.7
19/07/2017;33.7;16.6
20/07/2017;21.3;15.3
21/07/2017;25.3;15.0
22/07/2017;31.1;9.8
23/07/2017;28.9;15.4
24/07/2017;24.5;16.5
25/07/2017;22.3;14.3
26/07/2017;31.3;9.3
27/07/2017;34.0;11.1
28/07/2017;33.1;19.3
29/07/2017;37.0;12.6
30/07/2017;34.2;15.1
31/07/2017;27.2;16.8
01/08/2017;27.3;16.6
02/08/2017;37.0;16.0
03/08/2017;34.1;14.1
04/08/2017;35.0;15.7
05/08/2017;22.7;16.7
06/08/2017;25.2;15.7
07/08/2017;32.3;16.9
08/08/2017;23.2;15.0
09/08/2017;20.2;11.7
10/08/2017;21.3;10.1
11/08/2017;24.0;8.4
12/08/2017;30.3;6.4
13/08/2017;31.7;8.0
14/08/2017;37.3;11.8
15/08/2017;29.7;16.0
16/08/2017;29.6;17.1
17/08/2017;34.8;10.8
18/08/2017;26.9;16.2
19/08/2017;26.9;14.6
20/08/2017;30.3;8.2
21/08/2017;37.7;7.8
22/08/2017;38.5;14.2
23/08/2017;32.7;13.2
24/08/2017;36.9;16.2
25/08/2017;36.6;19.0
26/08/2017;36.2;18.4
27/08/2017;25.7;17.6
28/08/2017;22.6;16.0
29/08/2017;29.6;14.5
30/08/2017;29.4;14.8
31/08/2017;22.9;13.3
01/09/2017;23.4;10.7
02/09/2017;26.3;8.1
03/09/2017;30.4;11.7
04/09/2017;28.2;14.7
05/09/2017;31.6;12.2
06/09/2017;21.3;13.6
07/09/2017;23.8;12.4
08/09/2017;29.7;6.8
09/09/2017;18.9;11.8
10/09/2017;22.4;10.2
11/09/2017;24.0;11.0
12/09/2017;27.0;11.5
13/09/2017;32.7;9.0
14/09/2017;17.4;10.6
15/09/2017;18.0;6.8
16/09/2017;18.0;5.4
17/09/2017;23.3;3.1
18/09/2017;20.5;10.4
19/09/2017;21.7;6.8
20/09/2017;29.7;3.4
21/09/2017;28.5;4.5
22/09/2017;23.0;12.6
23/09/2017;28.1;9.1
24/09/2017;31.3;8.4
25/09/2017;23.0;12.0
26/09/2017;26.5;10.4
27/09/2017;29.2;6.4
28/09/2017;28.6;7.0
29/09/2017;29.8;8.6
30/09/2017;19.1;13.3
01/10/2017;21.4;11.1
02/10/2017;26.9;13.8
03/10/2017;27.6;11.6
04/10/2017;29.1;10.2
05/10/2017;24.9;8.0
06/10/2017;21.7;8.6
07/10/2017;24.8;2.8
08/10/2017;27.5;0.0
09/10/2017;27.8;1.6
10/10/2017;29.8;2.0
11/10/2017;28.4;2.5
12/10/2017;28.4;5.3
13/10/2017;30.1;6.6
14/10/2017;25.8;6.8
15/10/2017;26.4;9.5
16/10/2017;26.3;11.9
17/10/2017;24.7;9.5
18/10/2017;16.6;10.8
19/10/2017;19.1;9.9
20/10/2017;23.2;13.2
21/10/2017;19.2;12.3
22/10/2017;15.6;5.3
23/10/2017;24.4;2.9
24/10/2017;31.0;2.5
25/10/2017;27.2;3.3
26/10/2017;28.3;4.2
27/10/2017;23.6;4.4
28/10/2017;19.2;7.1
29/10/2017;15.3;2.0
30/10/2017;15.7;8.8
31/10/2017;18.3;1.9
01/11/2017;19.2;1.7
02/11/2017;18.9;5.7
03/11/2017;20.4;5.2
04/11/2017;15.5;4.0
05/11/2017;13.0;6.8
06/11/2017;12.0;6.7
07/11/2017;16.9;2.9
08/11/2017;10.1;3.7
09/11/2017;11.7;2.0
10/11/2017;13.1;5.5
11/11/2017;15.4;5.2
12/11/2017;16.7;2.1
13/11/2017;11.4;4.7
14/11/2017;13.3;1.3
15/11/2017;17.6;-2.6
16/11/2017;21.2;-2.9
17/11/2017;19.5;-2.2
18/11/2017;16.9;-1.2
19/11/2017;16.7;-1.2
20/11/2017;18.2;-3.2
21/11/2017;21.1;-4.0
22/11/2017;17.7;-2.2
23/11/2017;19.0;8.5
24/11/2017;16.5;10.0
25/11/2017;12.0;2.8
26/11/2017;11.8;0.7
27/11/2017;11.8;-0.8
28/11/2017;14.0;-2.9
29/11/2017;7.4;2.6
30/11/2017;8.5;0.3
01/12/2017;5.0;0.4
02/12/2017;4.8;0.3
03/12/2017;8.3;-3.2
04/12/2017;7.1;1.1
05/12/2017;9.2;-2.3
06/12/2017;1.4;-2.7
07/12/2017;14.2;-2.3
08/12/2017;9.8;3.2
09/12/2017;12.3;2.7
10/12/2017;14.5;11.2
11/12/2017;14.7;3.5
12/12/2017;7.9;-1.0
13/12/2017;10.4;-1.2
14/12/2017;16.0;8.0
15/12/2017;10.1;2.7
16/12/2017;6.9;2.5
17/12/2017;10.1;1.5
18/12/2017;9.0;-0.8
19/12/2017;9.8;-0.2
20/12/2017;11.0;-1.9
21/12/2017;15.5;0.9
22/12/2017;9.6;-1.1
23/12/2017;9.2;6.4
24/12/2017;12.5;0.5
25/12/2017;7.8;1.1
26/12/2017;10.0;2.1
27/12/2017;10.2;3.6
28/12/2017;11.7;4.5
29/12/2017;13.8;6.7
30/12/2017;16.4;11.7
31/12/2017;14.5;4.1
01/01/2018;11.8;3.3
02/01/2018;13.4;9.2
03/01/2018;16.7;12.4
04/01/2018;16.3;11.9
05/01/2018;13.2;5.3
06/01/2018;5.3;0.8
07/01/2018;6.9;0.5
08/01/2018;10.0;0.5
09/01/2018;4.3;0.9
10/01/2018;9.9;2.7
11/01/2018;8.1;4.0
12/01/2018;11.6;2.8
13/01/2018;6.3;1.9
14/01/2018;7.2;3.2
15/01/2018;8.0;0.5
16/01/2018;12.4;7.4
17/01/2018;13.4;1.5
18/01/2018;16.1;-0.8
19/01/2018;10.8;-0.6
20/01/2018;11.7;1.6
21/01/2018;18.0;9.4
22/01/2018;14.2;7.3
23/01/2018;17.1;3.9
24/01/2018;12.9;1.7
25/01/2018;7.0;3.7
26/01/2018;7.4;2.7
27/01/2018;9.7;1.5
28/01/2018;14.4;-1.7
29/01/2018;14.4;-1.4
30/01/2018;13.7;-1.9
31/01/2018;16.5;-2.4
01/02/2018;7.2;0.3
02/02/2018;6.1;0.4
03/02/2018;6.3;1.4
04/02/2018;7.8;2.2
05/02/2018;5.2;2.6
06/02/2018;5.6;0.1
07/02/2018;6.0;-0.9
08/02/2018;4.1;-1.0
09/02/2018;7.2;-2.4
10/02/2018;6.7;2.4
11/02/2018;11.3;4.4
12/02/2018;7.6;-2.3
13/02/2018;6.8;-3.6
14/02/2018;12.0;4.1
15/02/2018;14.7;11.2
16/02/2018;17.4;9.3
17/02/2018;12.9;3.8
18/02/2018;11.4;3.6
19/02/2018;11.8;5.9
20/02/2018;10.4;7.2
21/02/2018;7.6;1.8
22/02/2018;8.1;-0.3
23/02/2018;8.4;-3.5
24/02/2018;11.8;-1.0
25/02/2018;14.8;-4.4
26/02/2018;10.8;-3.4
27/02/2018;4.6;-6.7
28/02/2018;5.9;-4.3
01/03/2018;16.0;1.4
02/03/2018;14.6;2.8
03/03/2018;16.2;6.8
04/03/2018;14.0;5.4
05/03/2018;12.7;5.0
06/03/2018;13.2;4.3
07/03/2018;12.7;1.0
08/03/2018;14.8;4.0
09/03/2018;16.8;9.2
10/03/2018;16.6;10.0
11/03/2018;14.3;9.0
12/03/2018;14.8;5.9
13/03/2018;15.2;5.5
14/03/2018;15.8;6.1
15/03/2018;13.0;6.5
16/03/2018;12.4;3.9
17/03/2018;11.3;4.0
18/03/2018;12.5;3.6
19/03/2018;7.6;-0.1
20/03/2018;3.7;0.7
21/03/2018;8.2;1.0
22/03/2018;13.1;-0.7
23/03/2018;14.2;-1.8
24/03/2018;10.5;-0.1
25/03/2018;11.8;4.3
26/03/2018;11.5;5.1
27/03/2018;20.6;6.4
28/03/2018;20.8;3.9
29/03/2018;15.3;6.5
30/03/2018;13.1;4.6
31/03/2018;14.5;3.8
01/04/2018;16.8;1.3
02/04/2018;21.5;4.8
03/04/2018;19.3;9.5
04/04/2018;16.5;8.4
05/04/2018;20.1;7.8
06/04/2018;23.5;4.2
07/04/2018;13.8;7.4
08/04/2018;16.8;5.8
09/04/2018;7.6;3.1
10/04/2018;11.4;2.8
11/04/2018;10.0;2.5
12/04/2018;17.1;7.7
13/04/2018;14.4;5.8
14/04/2018;19.8;8.2
15/04/2018;17.6;5.7
16/04/2018;17.4;7.1
17/04/2018;25.3;4.1
18/04/2018;29.1;5.2
19/04/2018;25.7;8.1
20/04/2018;24.9;7.0
21/04/2018;23.2;6.6
22/04/2018;25.8;8.1
23/04/2018;24.9;10.2
24/04/2018;28.1;11.8
25/04/2018;16.8;11.3
26/04/2018;18.1;8.8
27/04/2018;19.8;6.1
28/04/2018;13.1;7.3
29/04/2018;14.1;5.6
30/04/2018;12.5;5.6
01/05/2018;16.7;2.7
02/05/2018;16.6;4.2
03/05/2018;13.3;7.4
04/05/2018;13.8;6.9
05/05/2018;20.0;4.9
06/05/2018;27.5;3.8
07/05/2018;28.5;7.6
08/05/2018;19.9;8.9
09/05/2018;21.6;9.7
10/05/2018;18.3;6.4
11/05/2018;26.4;0.9
12/05/2018;12.8;3.1
13/05/2018;16.1;0.3
14/05/2018;16.7;6.4
15/05/2018;18.3;3.4
16/05/2018;16.2;6.7
17/05/2018;19.3;4.9
18/05/2018;21.8;11.4
19/05/2018;24.1;6.4
20/05/2018;25.1;4.2
21/05/2018;26.5;9.4
22/05/2018;25.5;7.9
23/05/2018;18.9;8.4
24/05/2018;24.7;12.0
25/05/2018;20.1;12.7
26/05/2018;22.4;12.2
27/05/2018;24.6;8.1
28/05/2018;15.7;13.6
29/05/2018;22.8;12.7
30/05/2018;23.6;13.5
31/05/2018;22.3;12.8
01/06/2018;23.8;13.9
02/06/2018;25.7;13.8
03/06/2018;25.5;11.8
04/06/2018;21.3;13.0
05/06/2018;18.6;10.8
06/06/2018;21.2;7.8
07/06/2018;23.8;11.3
08/06/2018;26.8;13.7
09/06/2018;23.7;10.8
10/06/2018;21.8;8.7
11/06/2018;20.3;10.6
12/06/2018;21.2;11.4
13/06/2018;20.9;11.5
14/06/2018;23.3;8.6
15/06/2018;22.7;8.4
16/06/2018;24.1;13.2
17/06/2018;26.1;9.4
18/06/2018;23.8;8.7
19/06/2018;27.1;14.5
20/06/2018;34.1;13.6
21/06/2018;29.5;18.6
22/06/2018;27.7;15.5
23/06/2018;30.0;10.1
24/06/2018;35.2;8.6
25/06/2018;33.0;10.5
26/06/2018;34.7;11.7
27/06/2018;27.5;16.8
28/06/2018;24.5;16.5
29/06/2018;30.8;15.4
30/06/2018;27.5;15.3
01/07/2018;31.1;15.8
02/07/2018;28.8;12.2
03/07/2018;31.2;14.9
04/07/2018;28.6;16.5
05/07/2018;25.0;15.2
06/07/2018;27.7;16.1
07/07/2018;28.0;15.5
08/07/2018;30.9;16.6
09/07/2018;29.0;14.1
10/07/2018;29.2;12.7
11/07/2018;26.4;12.1
12/07/2018;27.1;15.4
13/07/2018;30.0;14.7
14/07/2018;33.1;15.5
15/07/2018;30.4;14.9
16/07/2018;25.0;16.3
17/07/2018;29.3;11.3
18/07/2018;30.7;14.9
19/07/2018;30.7;18.9
20/07/2018;23.7;16.2
21/07/2018;24.9;14.3
22/07/2018;27.1;11.3
23/07/2018;35.1;11.3
24/07/2018;30.5;15.4
25/07/2018;32.0;17.9
26/07/2018;33.5;20.6
27/07/2018;32.7;19.7
28/07/2018;27.8;17.9
29/07/2018;34.3;13.8
30/07/2018;35.3;14.5
31/07/2018;27.3;14.3
01/08/2018;29.7;18.5
02/08/2018;36.6;15.8
03/08/2018;36.8;15.2
04/08/2018;34.1;15.0
05/08/2018;34.7;14.3
06/08/2018;39.0;13.5
07/08/2018;31.9;18.1
08/08/2018;32.1;17.6
09/08/2018;24.2;13.2
10/08/2018;29.5;9.8
11/08/2018;34.6;11.7
12/08/2018;36.7;15.3
13/08/2018;26.8;17.7
14/08/2018;25.2;15.6
15/08/2018;31.5;15.5
16/08/2018;26.3;15.2
17/08/2018;20.8;13.5
18/08/2018;24.8;9.9
19/08/2018;29.6;9.2
20/08/2018;29.9;10.2
21/08/2018;32.4;11.0
22/08/2018;35.9;15.4
23/08/2018;28.4;16.3
24/08/2018;26.0;12.6
25/08/2018;23.9;12.3
26/08/2018;31.9;8.9
27/08/2018;35.9;11.6
28/08/2018;37.1;13.8
29/08/2018;28.8;12.9
30/08/2018;27.2;12.5
31/08/2018;28.3;10.0
01/09/2018;30.5;11.1
02/09/2018;36.0;10.0
03/09/2018;30.3;11.5
04/09/2018;26.4;12.9
05/09/2018;23.2;14.2
06/09/2018;25.1;15.1
07/09/2018;24.5;14.0
08/09/2018;30.2;11.5
09/09/2018;28.6;15.4
10/09/2018;27.3;16.0
11/09/2018;31.3;12.2
12/09/2018;32.4;13.9
13/09/2018;26.9;15.4
14/09/2018;27.5;13.0
15/09/2018;31.4;12.2
16/09/2018;32.9;11.4
17/09/2018;31.7;14.8
18/09/2018;31.3;14.2
19/09/2018;33.5;18.0
20/09/2018;33.4;17.4
21/09/2018;27.9;11.9
22/09/2018;32.9;11.9
23/09/2018;34.5;11.6
24/09/2018;20.5;7.9
25/09/2018;22.9;4.8
26/09/2018;29.1;6.0
27/09/2018;31.0;12.5
28/09/2018;29.3;10.0
29/09/2018;27.5;10.3
30/09/2018;24.9;6.5
01/10/2018;19.1;12.0
02/10/2018;20.9;5.0
03/10/2018;25.3;4.0
04/10/2018;29.2;4.4
05/10/2018;28.1;4.7
06/10/2018;27.9;6.5
07/10/2018;18.1;8.9
08/10/2018;18.7;9.6
09/10/2018;20.8;7.4
10/10/2018;22.4;7.1
11/10/2018;22.5;10.0
12/10/2018;25.5;14.7
13/10/2018;27.5;11.3
14/10/2018;20.1;10.4
15/10/2018;18.2;8.4
16/10/2018;22.4;5.9
17/10/2018;21.2;7.4
18/10/2018;16.6;9.7
19/10/2018;19.6;13.1
20/10/2018;21.2;10.9
21/10/2018;24.6;10.8
22/10/2018;18.9;8.3
23/10/2018;19.9;5.3
24/10/2018;21.3;4.9
25/10/2018;23.5;1.8
26/10/2018;;
27/10/2018;;
28/10/2018;;
29/10/2018;;
30/10/2018;;
31/10/2018;;
01/11/2018;14.6;4.4
02/11/2018;16.6;7.5
03/11/2018;17.5;1.6
04/11/2018;17.9;-0.6
05/11/2018;14.4;6.9
06/11/2018;12.3;6.4
07/11/2018;16.6;3.2
08/11/2018;15.9;2.1
09/11/2018;12.7;6.7
10/11/2018;18.6;11.7
11/11/2018;17.3;10.8
12/11/2018;15.2;10.7
13/11/2018;17.5;6.6
14/11/2018;16.0;4.9
15/11/2018;20.2;5.6
16/11/2018;16.6;6.5
17/11/2018;14.1;5.9
18/11/2018;12.9;9.1
19/11/2018;18.6;6.1
20/11/2018;8.8;3.9
21/11/2018;14.6;4.1
22/11/2018;15.3;3.7
23/11/2018;12.3;5.6
24/11/2018;12.6;7.0
25/11/2018;14.5;5.6
26/11/2018;11.7;4.6
27/11/2018;12.7;1.0
28/11/2018;15.4;6.9
29/11/2018;13.6;2.5
30/11/2018;11.1;2.2
01/12/2018;11.5;1.8
02/12/2018;12.5;9.7
03/12/2018;13.6;8.6
04/12/2018;18.2;4.5
05/12/2018;18.4;3.7
06/12/2018;15.5;2.3
07/12/2018;12.4;-0.9
08/12/2018;15.5;2.4
09/12/2018;16.3;0.9
10/12/2018;14.6;0.3
11/12/2018;8.9;-1.0
12/12/2018;10.2;-1.3
13/12/2018;10.9;6.6
14/12/2018;12.7;2.3
15/12/2018;12.8;3.7
16/12/2018;14.4;6.3
17/12/2018;11.8;0.6
18/12/2018;10.2;1.6
19/12/2018;12.2;6.5
20/12/2018;12.8;7.1
21/12/2018;13.2;10.7
22/12/2018;15.8;3.4
23/12/2018;17.3;0.3
24/12/2018;15.9;-0.6
25/12/2018;12.2;0.7
26/12/2018;10.4;4.1
27/12/2018;8.4;-0.3
28/12/2018;8.3;-0.7
29/12/2018;12.8;0.5
30/12/2018;11.0;-2.4
31/12/2018;16.6;-4.0
01/01/2019;17.1;-4.3
02/01/2019;8.2;-1.2
03/01/2019;9.5;-5.1
04/01/2019;13.6;-7.6
05/01/2019;15.1;-7.4
06/01/2019;11.4;-8.1
07/01/2019;3.9;-4.5
08/01/2019;6.7;2.9
09/01/2019;10.1;3.6
10/01/2019;6.2;0.0
11/01/2019;5.7;0.1
12/01/2019;7.9;2.3
13/01/2019;10.3;0.8
14/01/2019;10.8;2.5
15/01/2019;14.9;-0.9
16/01/2019;12.5;-3.0
17/01/2019;12.8;0.9
18/01/2019;6.6;-1.0
19/01/2019;7.6;4.0
20/01/2019;8.2;1.9
21/01/2019;7.3;0.2
22/01/2019;4.8;-0.8
23/01/2019;9.9;3.6
24/01/2019;7.7;4.8
25/01/2019;12.7;7.4
26/01/2019;14.3;2.5
27/01/2019;9.4;2.1
28/01/2019;10.8;3.8
29/01/2019;11.0;3.9
30/01/2019;9.5;3.4
31/01/2019;14.6;4.6
01/02/2019;10.5;4.6
02/02/2019;7.1;0.5
03/02/2019;7.8;-0.6
04/02/2019;7.8;-2.5
05/02/2019;18.1;-0.7
06/02/2019;15.6;-0.3
07/02/2019;14.0;2.6
08/02/2019;14.9;-0.4
09/02/2019;14.4;5.7
10/02/2019;11.5;6.3
11/02/2019;12.2;1.5
12/02/2019;15.5;0.1
13/02/2019;16.4;-2.1
14/02/2019;14.3;-1.9
15/02/2019;15.6;-2.1
16/02/2019;17.5;-3.3
17/02/2019;18.6;-2.0
18/02/2019;15.0;-1.7
19/02/2019;15.7;2.6
20/02/2019;14.7;-1.3
21/02/2019;18.2;-1.9
22/02/2019;23.0;-1.3
23/02/2019;20.7;-3.1
24/02/2019;21.7;-1.4
25/02/2019;22.2;-1.8
26/02/2019;21.6;-1.2
27/02/2019;24.8;-0.8
28/02/2019;19.0;0.4
01/03/2019;19.4;-1.6
02/03/2019;22.1;0.5
03/03/2019;23.4;2.1
04/03/2019;16.8;6.4
05/03/2019;18.4;2.3
06/03/2019;16.0;7.1
07/03/2019;12.7;4.4
08/03/2019;14.9;4.7
09/03/2019;19.9;2.9
10/03/2019;18.2;4.9
11/03/2019;15.6;1.7
12/03/2019;21.2;-1.6
13/03/2019;12.1;2.1
14/03/2019;16.5;1.6
15/03/2019;19.4;-1.1
16/03/2019;25.7;-0.6
17/03/2019;13.7;3.3
18/03/2019;13.0;0.5
19/03/2019;11.2;3.5
20/03/2019;13.5;1.9
21/03/2019;16.2;-2.2
22/03/2019;22.1;-2.6
23/03/2019;24.9;-1.3
24/03/2019;22.8;0.1
25/03/2019;14.7;2.8
26/03/2019;17.0;1.7
27/03/2019;17.7;-1.8
28/03/2019;18.4;0.8
29/03/2019;22.2;-1.8
30/03/2019;22.3;1.8
31/03/2019;21.8;0.0
01/04/2019;16.9;7.2
02/04/2019;18.9;2.1
03/04/2019;11.9;2.8
04/04/2019;15.2;0.3
05/04/2019;12.6;5.5
06/04/2019;11.6;4.8
07/04/2019;14.4;4.6
08/04/2019;15.7;5.1
09/04/2019;14.7;1.9
10/04/2019;14.6;2.8
11/04/2019;13.1;3.5
12/04/2019;17.3;2.9
13/04/2019;24.2;-2.8
14/04/2019;24.7;6.8
15/04/2019;24.6;7.3
16/04/2019;22.1;8.2
17/04/2019;23.2;10.3
18/04/2019;15.7;10.4
19/04/2019;20.2;10.0
20/04/2019;22.1;4.8
21/04/2019;16.4;6.0
22/04/2019;21.0;9.1
23/04/2019;13.5;7.9
24/04/2019;16.3;6.3
25/04/2019;14.9;5.8
26/04/2019;17.1;8.7
27/04/2019;19.5;5.8
28/04/2019;22.1;2.9
29/04/2019;24.5;2.7
30/04/2019;23.3;3.7
01/05/2019;21.9;2.3
02/05/2019;17.3;5.7
03/05/2019;13.1;7.0
04/05/2019;18.1;6.4
05/05/2019;15.9;1.4
06/05/2019;25.7;-1.2
07/05/2019;23.3;4.9
08/05/2019;21.5;13.9
09/05/2019;17.3;8.4
10/05/2019;25.7;11.9
11/05/2019;20.6;9.7
12/05/2019;21.8;2.7
13/05/2019;23.4;2.4
14/05/2019;28.3;1.2
15/05/2019;28.1;3.2
16/05/2019;26.2;5.9
17/05/2019;15.5;7.6
18/05/2019;13.0;3.4
19/05/2019;15.2;7.1
20/05/2019;19.6;1.6
21/05/2019;21.9;3.7
22/05/2019;27.8;3.4
23/05/2019;25.3;8.1
24/05/2019;16.0;11.3
25/05/2019;15.7;11.0
26/05/2019;17.7;10.0
27/05/2019;20.6;10.3
28/05/2019;17.3;8.2
29/05/2019;19.7;9.7
30/05/2019;28.9;4.2
31/05/2019;32.9;6.9
01/06/2019;34.2;8.3
02/06/2019;34.1;10.5
03/06/2019;33.3;12.6
04/06/2019;29.3;10.4
05/06/2019;17.9;9.8
06/06/2019;26.4;8.2
07/06/2019;20.9;9.7
08/06/2019;25.5;4.4
09/06/2019;23.2;9.6
10/06/2019;20.0;10.0
11/06/2019;16.6;9.1
12/06/2019;23.1;3.3
13/06/2019;28.5;5.2
14/06/2019;22.9;11.8
15/06/2019;24.0;9.5
16/06/2019;30.7;5.8
17/06/2019;33.5;9.3
18/06/2019;;
19/06/2019;;
20/06/2019;19.7;14.3
21/06/2019;20.3;12.1
22/06/2019;30.4;6.8
23/06/2019;34.4;14.0
24/06/2019;32.4;15.8
25/06/2019;34.3;11.7
26/06/2019;38.1;15.3
27/06/2019;37.6;16.0
28/06/2019;38.0;15.5
29/06/2019;42.7;13.9
30/06/2019;37.4;13.5
01/07/2019;23.7;15.6
02/07/2019;25.6;15.6
03/07/2019;28.7;17.1
04/07/2019;35.4;15.7
05/07/2019;36.3;15.8
06/07/2019;35.3;17.7
07/07/2019;30.4;18.0
08/07/2019;26.2;17.4
09/07/2019;24.9;15.3
10/07/2019;29.9;10.4
11/07/2019;34.2;10.2
12/07/2019;34.0;11.0
13/07/2019;26.1;13.7
14/07/2019;28.1;15.5
15/07/2019;28.7;10.4
16/07/2019;29.5;9.1
17/07/2019;24.0;14.9
18/07/2019;28.1;14.5
19/07/2019;36.8;10.7
20/07/2019;31.2;15.8
21/07/2019;32.9;19.2
22/07/2019;39.4;19.6
23/07/2019;39.9;17.1
24/07/2019;39.3;16.1
25/07/2019;38.2;15.8
26/07/2019;20.7;16.6
27/07/2019;19.1;14.1
28/07/2019;27.1;11.1
29/07/2019;31.5;10.4
30/07/2019;25.0;14.9
31/07/2019;26.1;8.4
01/08/2019;24.2;15.1
02/08/2019;29.4;17.0
03/08/2019;35.3;12.8
04/08/2019;30.5;18.6
05/08/2019;30.4;13.7
06/08/2019;33.0;13.7
07/08/2019;31.5;17.3
08/08/2019;34.8;19.3
09/08/2019;31.2;19.2
10/08/2019;28.5;13.9
11/08/2019;24.1;15.1
12/08/2019;23.6;9.6
13/08/2019;25.3;10.9
14/08/2019;32.0;9.2
15/08/2019;26.5;16.2
16/08/2019;35.6;10.3
17/08/2019;37.7;11.1
18/08/2019;30.7;12.1
19/08/2019;20.8;15.3
20/08/2019;23.2;13.3
21/08/2019;29.4;10.5
22/08/2019;29.6;7.3
23/08/2019;35.6;7.4
24/08/2019;37.5;10.8
25/08/2019;33.5;17.0
26/08/2019;31.9;16.7
27/08/2019;30.0;14.5
28/08/2019;34.3;17.8
29/08/2019;34.1;19.6
30/08/2019;35.6;19.3
31/08/2019;34.0;16.1
01/09/2019;22.9;16.0
02/09/2019;23.5;12.0
03/09/2019;27.6;7.6
04/09/2019;26.2;6.3
05/09/2019;20.8;11.6
06/09/2019;21.9;11.3
07/09/2019;23.9;7.8
08/09/2019;23.6;9.9
09/09/2019;24.9;5.1
10/09/2019;16.5;9.9
11/09/2019;20.6;13.0
12/09/2019;28.3;10.7
13/09/2019;28.9;9.8
14/09/2019;30.0;14.7
15/09/2019;28.9;12.2
16/09/2019;27.2;14.2
17/09/2019;30.9;15.0
18/09/2019;24.3;15.6
19/09/2019;29.2;11.1
20/09/2019;28.4;12.4
21/09/2019;24.3;15.2
22/09/2019;23.3;12.3
23/09/2019;23.5;9.3
24/09/2019;26.5;15.9
25/09/2019;25.5;12.8
26/09/2019;28.9;9.5
27/09/2019;27.9;10.5
28/09/2019;28.4;13.9
29/09/2019;30.5;8.2
30/09/2019;30.2;9.5
01/11/2019;21.4;13.4
02/11/2019;18.3;15.1
03/11/2019;17.6;9.5
04/11/2019;18.2;9.0
05/11/2019;11.5;7.9
06/11/2019;14.7;8.2
07/11/2019;14.9;4.8
08/11/2019;8.2;4.5
09/11/2019;10.9;5.8
10/11/2019;7.0;3.0
11/11/2019;10.7;3.4
12/11/2019;13.1;2.9
13/11/2019;14.6;7.8
14/11/2019;10.9;2.2
15/11/2019;5.6;1.7
16/11/2019;7.9;-1.2
17/11/2019;9.2;4.1
18/11/2019;9.6;3.3
19/11/2019;12.2;-1.0
20/11/2019;9.8;1.5
21/11/2019;13.5;3.1
22/11/2019;11.1;3.3
23/11/2019;11.0;6.8
24/11/2019;11.8;4.3
25/11/2019;17.4;7.8
26/11/2019;17.1;11.4
27/11/2019;13.0;9.9
28/11/2019;14.4;11.0
29/11/2019;18.8;7.0
30/11/2019;12.5;4.2
01/12/2019;11.0;3.4
02/12/2019;9.1;5.2
03/12/2019;7.4;-0.5
04/12/2019;11.3;-1.5
05/12/2019;13.3;1.8
06/12/2019;7.9;0.0
07/12/2019;14.9;0.8
08/12/2019;10.1;0.3
09/12/2019;11.7;-0.3
10/12/2019;12.0;0.0
11/12/2019;11.7;6.0
12/12/2019;11.4;6.4
13/12/2019;15.4;10.4
14/12/2019;14.4;9.1
15/12/2019;16.2;10.4
16/12/2019;13.8;7.0
17/12/2019;11.7;5.4
18/12/2019;15.2;4.7
19/12/2019;13.6;8.9
20/12/2019;14.3;8.5
21/12/2019;18.3;7.7
22/12/2019;16.2;8.8
23/12/2019;13.2;6.3
24/12/2019;15.7;4.7
25/12/2019;14.7;3.1
26/12/2019;16.3;1.2
27/12/2019;4.0;-0.1
28/12/2019;14.1;-2.5
29/12/2019;8.0;-2.2
30/12/2019;;
31/12/2019;1.2;-1.5
01/01/2020;1.1;-2.5
02/01/2020;7.8;-1.2
03/01/2020;5.6;-1.9
04/01/2020;9.8;1.8
05/01/2020;15.4;-1.4
06/01/2020;13.2;-4.1
07/01/2020;12.6;-2.5
08/01/2020;17.7;-1.1
09/01/2020;8.9;1.3
10/01/2020;11.0;1.1
11/01/2020;13.0;-1.8
12/01/2020;10.2;-3.4
13/01/2020;12.4;-2.5
14/01/2020;12.5;2.2
15/01/2020;11.5;1.8
16/01/2020;15.1;1.7
17/01/2020;12.1;1.4
18/01/2020;8.9;0.7
19/01/2020;7.7;3.6
20/01/2020;4.3;1.8
21/01/2020;4.2;0.6
22/01/2020;9.8;3.8
23/01/2020;7.6;1.7
24/01/2020;7.7;4.0
25/01/2020;9.3;5.2
26/01/2020;11.1;0.9
27/01/2020;12.3;7.8
28/01/2020;14.2;5.7
29/01/2020;14.7;5.4
30/01/2020;14.8;11.6
31/01/2020;18.1;9.8
01/02/2020;19.3;14.0
02/02/2020;19.2;14.0
03/02/2020;22.2;5.0
04/02/2020;14.6;5.8
05/02/2020;13.0;0.7
06/02/2020;13.6;-2.4
07/02/2020;13.0;-0.2
08/02/2020;8.5;0.8
09/02/2020;13.6;1.9
10/02/2020;17.2;11.8
11/02/2020;16.9;8.7
12/02/2020;15.0;5.3
13/02/2020;16.3;3.8
14/02/2020;18.3;5.2
15/02/2020;17.3;1.9
16/02/2020;16.4;7.6
17/02/2020;14.2;6.7
18/02/2020;12.1;1.8
19/02/2020;17.6;-1.8
20/02/2020;19.5;-2.7
21/02/2020;19.5;-0.1
22/02/2020;21.4;-0.8
23/02/2020;25.2;-1.8
24/02/2020;24.1;-1.8
25/02/2020;18.2;2.7
26/02/2020;15.2;4.2
27/02/2020;17.3;4.1
28/02/2020;20.4;1.8
29/02/2020;17.7;7.8
01/03/2020;17.8;9.7
02/03/2020;14.1;2.7
03/03/2020;19.7;2.8
04/03/2020;18.3;8.3
08/03/2020;15.6;0.6
09/03/2020;12.9;3.8
10/03/2020;24.4;2.3
11/03/2020;26.3;1.6
12/03/2020;14.1;6.5
13/03/2020;12.4;1.7
14/03/2020;18.3;-2.1
15/03/2020;21.8;-0.9
16/03/2020;8.7;3.5
17/03/2020;11.7;6.6
18/03/2020;17.0;5.6
19/03/2020;19.2;6.0
20/03/2020;16.4;4.6
21/03/2020;19.2;4.3
22/03/2020;20.0;2.4
23/03/2020;17.8;7.1
24/03/2020;19.0;4.4
25/03/2020;19.1;2.7
26/03/2020;11.9;1.1
27/03/2020;15.7;-2.1
28/03/2020;18.7;-1.3
29/03/2020;15.2;-1.0
30/03/2020;7.4;1.1
31/03/2020;8.6;1.0
01/04/2020;13.5;7.6
02/04/2020;14.4;5.0
03/04/2020;17.7;0.8
04/04/2020;21.5;-0.5
05/04/2020;20.0;9.7
06/04/2020;15.4;10.6
07/04/2020;16.0;11.1
08/04/2020;21.7;11.2
09/04/2020;22.6;6.1
10/04/2020;18.7;11.3
11/04/2020;17.5;12.1
12/04/2020;19.5;10.2
13/04/2020;22.1;9.2
14/04/2020;21.1;5.9
15/04/2020;18.3;9.4
16/04/2020;22.3;8.3
17/04/2020;22.2;6.7
18/04/2020;23.7;8.1
19/04/2020;14.0;10.6
20/04/2020;19.4;10.6
21/04/2020;12.6;9.4
22/04/2020;15.0;9.8
23/04/2020;22.6;6.2
24/04/2020;21.7;11.6
25/04/2020;24.5;9.7
26/04/2020;23.1;12.6
27/04/2020;19.1;9.7
28/04/2020;18.2;7.5
29/04/2020;17.9;6.5
30/04/2020;18.4;11.2
01/05/2020;23.8;13.9
02/05/2020;24.1;12.9
03/05/2020;30.1;8.4
04/05/2020;30.4;9.6
05/05/2020;24.9;11.7
06/05/2020;28.2;6.3
07/05/2020;29.9;9.2
08/05/2020;28.5;14.9
09/05/2020;24.3;11.5
10/05/2020;17.6;11.8
11/05/2020;19.2;10.7
12/05/2020;18.2;9.9
13/05/2020;18.9;10.1
14/05/2020;14.1;11.6
15/05/2020;13.0;10.2
16/05/2020;15.9;8.8
17/05/2020;21.8;3.5
18/05/2020;24.3;4.5
19/05/2020;26.1;5.7
20/05/2020;30.2;6.3
21/05/2020;32.8;7.8
22/05/2020;30.7;10.8
23/05/2020;18.4;9.8
24/05/2020;22.7;7.1
25/05/2020;23.0;10.2
26/05/2020;26.3;8.2
27/05/2020;30.7;8.4
28/05/2020;31.4;11.0
29/05/2020;31.7;8.5
30/05/2020;32.9;9.0
31/05/2020;26.6;13.5
01/06/2020;31.4;15.5
02/06/2020;28.9;12.8
03/06/2020;24.4;14.9
04/06/2020;19.0;9.0
05/06/2020;27.4;10.2
06/06/2020;24.1;13.3
07/06/2020;15.1;8.7
08/06/2020;17.0;5.5
09/06/2020;17.7;7.0
10/06/2020;20.5;7.5
11/06/2020;21.1;9.7
12/06/2020;20.0;6.8
13/06/2020;21.6;10.6
14/06/2020;22.7;8.8
15/06/2020;23.9;11.3
16/06/2020;23.0;12.6
17/06/2020;21.1;11.4
18/06/2020;23.3;11.5
19/06/2020;26.7;9.5
20/06/2020;30.3;9.2
21/06/2020;29.3;10.1
22/06/2020;29.7;14.4
23/06/2020;36.8;10.3
24/06/2020;35.5;16.4
25/06/2020;27.7;16.5
26/06/2020;30.9;14.8
27/06/2020;30.0;12.8
28/06/2020;30.7;15.5
29/06/2020;23.8;16.2
30/06/2020;33.6;12.4
01/07/2020;27.4;15.0
02/07/2020;20.0;14.6
03/07/2020;22.9;13.1
04/07/2020;29.5;7.0
05/07/2020;31.9;10.6
06/07/2020;24.5;14.0
07/07/2020;28.6;9.3
08/07/2020;32.8;11.9
09/07/2020;32.5;14.9
10/07/2020;22.1;15.6
11/07/2020;26.8;15.2
12/07/2020;31.2;14.5
13/07/2020;26.7;13.5
14/07/2020;25.4;10.1
15/07/2020;24.3;10.0
16/07/2020;24.9;13.0
17/07/2020;25.3;12.9
18/07/2020;33.5;14.9
19/07/2020;37.2;12.1
20/07/2020;32.1;16.0
21/07/2020;33.3;14.3
22/07/2020;36.3;17.3
23/07/2020;29.8;18.5
24/07/2020;27.4;13.7
25/07/2020;35.6;11.7
27/07/2020;39.2;14.2
28/07/2020;25.7;17.5
29/07/2020;34.1;17.8
30/07/2020;37.7;15.4
31/07/2020;38.9;15.4
01/08/2020;25.5;18.4
02/08/2020;24.1;16.5
03/08/2020;25.3;13.0
04/08/2020;27.3;12.4
05/08/2020;36.5;9.0
06/08/2020;39.0;10.7
07/08/2020;38.4;17.7
08/08/2020;36.7;16.2
09/08/2020;37.4;17.1
10/08/2020;35.2;18.4
11/08/2020;30.0;17.1
12/08/2020;28.6;15.4
13/08/2020;27.7;15.6
14/08/2020;31.7;16.9
15/08/2020;32.8;17.2
16/08/2020;27.6;10.8
17/08/2020;26.4;11.7
18/08/2020;26.4;15.8
19/08/2020;35.0;15.5
20/08/2020;37.6;14.2
21/08/2020;28.6;18.3
22/08/2020;28.0;12.6
23/08/2020;27.1;13.5
24/08/2020;30.0;11.1
25/08/2020;36.2;10.6
26/08/2020;31.8;16.2
27/08/2020;34.0;14.6
28/08/2020;20.2;15.6
29/08/2020;19.6;10.4
30/08/2020;19.2;8.6
31/08/2020;27.2;4.4
01/09/2020;26.2;8.8
02/09/2020;26.7;8.5
03/09/2020;34.5;5.3
04/09/2020;35.3;8.1
05/09/2020;24.0;12.6
06/09/2020;21.9;15.3
07/09/2020;23.0;11.6
08/09/2020;29.0;7.8
09/09/2020;30.4;7.8
10/09/2020;29.5;9.0
11/09/2020;29.7;9.6
12/09/2020;31.2;9.5
13/09/2020;34.9;9.1
14/09/2020;33.7;12.8
15/09/2020;31.8;16.2
16/09/2020;33.4;13.1
17/09/2020;31.6;17.1
18/09/2020;26.3;15.7
19/09/2020;21.3;13.7
20/09/2020;23.7;12.5
21/09/2020;25.1;11.9
22/09/2020;26.0;11.9
23/09/2020;24.6;11.0
24/09/2020;22.8;13.0
25/09/2020;14.7;10.0
26/09/2020;17.0;9.2
27/09/2020;17.3;6.4
28/09/2020;20.0;4.6
29/09/2020;25.0;5.9
30/09/2020;28.2;5.0
01/10/2020;21.3;10.3
02/10/2020;17.5;9.0
03/10/2020;16.8;8.1
04/10/2020;16.7;9.1
05/10/2020;20.3;7.6
06/10/2020;22.8;12.3
07/10/2020;23.2;12.5
08/10/2020;24.0;10.7
09/10/2020;21.6;9.9
10/10/2020;17.9;10.8
11/10/2020;15.3;7.9
12/10/2020;17.8;7.4
13/10/2020;17.0;10.7
14/10/2020;13.5;7.3
15/10/2020;11.8;4.7
16/10/2020;14.3;4.2
17/10/2020;19.8;2.8
18/10/2020;24.3;2.5
19/10/2020;21.8;2.6
20/10/2020;18.3;12.6
21/10/2020;21.6;9.7
22/10/2020;21.9;8.8
23/10/2020;17.1;9.2
24/10/2020;15.2;7.7
25/10/2020;18.0;7.2
26/10/2020;14.6;5.2
27/10/2020;14.0;7.5
28/10/2020;19.8;7.3
29/10/2020;20.7;4.8
30/10/2020;21.2;3.2
31/10/2020;22.6;4.7
01/11/2020;20.8;14.4
02/11/2020;21.4;12.2
03/11/2020;13.0;7.7
04/11/2020;12.9;5.0
05/11/2020;17.9;7.2
06/11/2020;17.7;11.8
07/11/2020;17.1;11.4
08/11/2020;17.2;8.1
09/11/2020;19.9;6.7
10/11/2020;20.1;4.7
11/11/2020;14.5;3.4
12/11/2020;19.3;5.6
13/11/2020;12.8;7.8
14/11/2020;14.6;7.7
15/11/2020;19.8;10.3
16/11/2020;18.1;4.9
17/11/2020;17.2;4.5
18/11/2020;20.4;4.6
19/11/2020;14.3;4.9
20/11/2020;13.8;2.1
21/11/2020;17.7;-0.4
22/11/2020;16.6;-2.4
23/11/2020;17.1;-2.1
24/11/2020;14.5;-1.7
25/11/2020;10.5;0.0
26/11/2020;15.8;3.0
27/11/2020;16.8;4.5
28/11/2020;18.6;2.2
29/11/2020;15.6;0.5
30/11/2020;10.7;1.2
01/12/2020;10.1;-0.2
02/12/2020;9.3;0.5
03/12/2020;9.7;0.1
04/12/2020;9.7;1.2
05/12/2020;7.5;1.8
06/12/2020;6.6;2.4
07/12/2020;11.7;4.5
08/12/2020;7.5;2.9
09/12/2020;9.3;2.5
10/12/2020;13.1;6.9
11/12/2020;17.3;9.4
12/12/2020;13.6;3.3
13/12/2020;15.7;2.3
14/12/2020;15.3;6.3
15/12/2020;12.5;7.4
16/12/2020;12.4;4.0
17/12/2020;11.9;2.9
18/12/2020;11.0;-0.1
19/12/2020;8.5;4.6
20/12/2020;11.0;3.3
21/12/2020;14.8;9.7
22/12/2020;15.1;7.6
23/12/2020;13.4;7.3
24/12/2020;12.9;3.6
25/12/2020;8.0;2.4
26/12/2020;8.7;2.2
27/12/2020;8.0;1.2
28/12/2020;9.7;2.8
29/12/2020;8.1;3.4
30/12/2020;5.9;2.2
31/12/2020;8.0;3.0
01/01/2021;6.9;0.5
02/01/2021;3.4;0.2
03/01/2021;4.6;-0.6
04/01/2021;4.1;-0.1
05/01/2021;5.2;-0.5
06/01/2021;8.7;-2.9
07/01/2021;3.6;-4.1
08/01/2021;4.7;-4.5
09/01/2021;0.9;-0.9
10/01/2021;3.4;-0.6
11/01/2021;6.5;-0.1
12/01/2021;8.0;-1.3
13/01/2021;11.5;-2.3
14/01/2021;8.0;-2.2
15/01/2021;9.3;0.2
16/01/2021;11.5;-0.3
17/01/2021;13.4;-2.7
18/01/2021;14.6;0.9
19/01/2021;10.4;-2.6
20/01/2021;15.2;0.5
21/01/2021;14.5;10.5
22/01/2021;12.7;2.6
23/01/2021;12.3;6.5
24/01/2021;12.0;4.3
25/01/2021;9.6;4.0
26/01/2021;15.6;1.3
27/01/2021;18.5;7.5
28/01/2021;16.4;12.8
29/01/2021;16.1;12.8
30/01/2021;14.5;7.7
31/01/2021;;
01/02/2021;;
02/02/2021;;
03/02/2021;;
04/02/2021;;
05/02/2021;;
06/02/2021;;
07/02/2021;;
08/02/2021;;
09/02/2021;;
10/02/2021;;
11/02/2021;;
12/02/2021;14.0;4.3
13/02/2021;14.2;0.8
14/02/2021;15.0;1.2
15/02/2021;10.7;6.1
16/02/2021;15.2;6.6
17/02/2021;17.4;6.4
18/02/2021;17.1;4.2
19/02/2021;20.2;8.9
20/02/2021;19.6;4.9
21/02/2021;12.8;8.8
22/02/2021;11.4;2.9
23/02/2021;17.0;0.2
24/02/2021;19.0;3.6
25/02/2021;12.5;5.1
26/02/2021;14.2;7.5
27/02/2021;14.6;4.5
28/02/2021;11.0;1.6
01/03/2021;13.6;4.3
02/03/2021;17.4;5.8
03/03/2021;15.2;4.3
04/03/2021;16.2;4.7
05/03/2021;13.2;4.6
06/03/2021;10.9;6.5
07/03/2021;7.7;5.2
08/03/2021;9.5;4.7
09/03/2021;8.3;-0.6
10/03/2021;17.0;-3.3
11/03/2021;17.2;8.6
12/03/2021;15.5;3.0
13/03/2021;15.8;-0.7
14/03/2021;12.2;6.7
15/03/2021;13.1;5.1
16/03/2021;12.5;7.0
17/03/2021;14.1;5.0
18/03/2021;10.6;3.2
19/03/2021;9.5;3.0
20/03/2021;8.5;3.3
21/03/2021;9.5;3.9
22/03/2021;14.2;2.8
23/03/2021;20.6;-2.5
24/03/2021;21.9;-3.1
25/03/2021;20.4;5.3
26/03/2021;20.1;3.7
27/03/2021;18.4;4.8
28/03/2021;23.3;0.3
29/03/2021;23.7;3.0
30/03/2021;24.2;6.0
31/03/2021;24.6;5.3
01/04/2021;18.9;7.0
02/04/2021;23.4;8.0
03/04/2021;15.7;5.9
04/04/2021;17.4;2.4
05/04/2021;20.6;-1.6
06/04/2021;11.6;4.3
07/04/2021;14.6;1.8
08/04/2021;20.5;-1.7
09/04/2021;13.4;7.8
10/04/2021;17.3;8.4
11/04/2021;10.1;4.2
12/04/2021;13.7;0.1
13/04/2021;15.3;-0.6
14/04/2021;19.0;5.7
15/04/2021;16.3;-0.5
16/04/2021;12.5;-1.4
17/04/2021;9.8;0.7
18/04/2021;19.6;4.0
19/04/2021;23.3;0.9
20/04/2021;20.3;7.2
21/04/2021;19.2;9.0
22/04/2021;18.6;10.1
23/04/2021;22.0;4.7
24/04/2021;23.1;9.7
25/04/2021;17.6;10.3
26/04/2021;19.5;9.1
27/04/2021;14.6;10.4
28/04/2021;16.3;7.4
29/04/2021;10.5;7.3
30/04/2021;10.4;6.2
01/05/2021;14.4;4.7
02/05/2021;16.1;1.6
03/05/2021;18.3;4.9
04/05/2021;22.9;1.6
05/05/2021;21.3;5.9
06/05/2021;24.9;5.2
07/05/2021;26.7;9.3
08/05/2021;31.3;7.5
09/05/2021;21.4;12.8
10/05/2021;20.7;9.6
11/05/2021;17.2;7.7
12/05/2021;19.1;9.0
13/05/2021;15.4;5.2
14/05/2021;20.0;4.1
15/05/2021;19.6;13.2
16/05/2021;19.2;10.9
17/05/2021;20.3;8.9
18/05/2021;23.2;5.7
19/05/2021;18.4;8.7
20/05/2021;29.3;3.3
21/05/2021;23.5;5.8
22/05/2021;16.5;8.2
23/05/2021;21.4;3.9
24/05/2021;17.6;6.8
25/05/2021;19.1;9.2
26/05/2021;23.5;4.2
27/05/2021;30.4;5.5
28/05/2021;28.2;14.1
29/05/2021;25.7;12.5
30/05/2021;26.0;13.7
31/05/2021;31.6;12.2
01/06/2021;24.8;13.8
02/06/2021;26.6;12.4
03/06/2021;18.2;12.8
04/06/2021;15.7;11.3
05/06/2021;22.3;9.9
06/06/2021;23.0;12.4
07/06/2021;27.2;7.8
08/06/2021;30.6;9.1
09/06/2021;23.3;11.0
10/06/2021;28.5;8.8
11/06/2021;25.7;11.5
12/06/2021;31.2;14.5
13/06/2021;35.2;13.7
14/06/2021;30.6;17.1
15/06/2021;31.6;13.1
16/06/2021;31.1;17.1
17/06/2021;21.0;15.5
18/06/2021;27.1;14.8
19/06/2021;27.3;14.7
20/06/2021;23.6;13.4
21/06/2021;22.4;12.0
22/06/2021;21.3;11.2
23/06/2021;18.8;12.2
24/06/2021;22.5;13.0
25/06/2021;27.0;8.1
26/06/2021;33.3;12.2
27/06/2021;22.3;12.9
28/06/2021;23.6;7.4
29/06/2021;23.7;10.0
30/06/2021;28.4;12.8
01/07/2021;30.4;14.8
02/07/2021;34.4;14.7
03/07/2021;29.6;16.7
04/07/2021;30.5;15.7
05/07/2021;34.3;15.7
06/07/2021;26.0;15.0
07/07/2021;21.3;12.2
08/07/2021;23.1;9.5
09/07/2021;31.9;7.9
10/07/2021;28.5;14.9
11/07/2021;34.9;11.2
12/07/2021;20.0;13.2
13/07/2021;20.9;11.5
14/07/2021;20.4;13.3
15/07/2021;23.5;13.7
16/07/2021;26.8;9.4
17/07/2021;30.8;10.8
18/07/2021;30.3;12.2
19/07/2021;31.5;17.1
20/07/2021;36.3;11.2
21/07/2021;36.7;15.1
22/07/2021;39.2;19.6
23/07/2021;35.1;17.3
24/07/2021;29.2;11.1
25/07/2021;25.9;16.6
26/07/2021;26.0;12.3
27/07/2021;26.9;11.4
28/07/2021;24.9;14.6
29/07/2021;32.1;12.4
30/07/2021;26.4;15.3
31/07/2021;17.4;13.3
01/08/2021;23.3;9.8
02/08/2021;27.0;8.8
03/08/2021;31.1;10.2
04/08/2021;28.2;14.8
05/08/2021;33.6;16.8
06/08/2021;27.9;16.3
07/08/2021;24.1;14.5
08/08/2021;26.4;14.8
09/08/2021;34.3;12.0
10/08/2021;31.6;16.1
11/08/2021;37.1;18.5
12/08/2021;36.7;16.7
13/08/2021;36.8;18.0
14/08/2021;42.0;17.5
15/08/2021;27.2;17.2
16/08/2021;22.8;15.9
17/08/2021;22.3;15.7
18/08/2021;20.8;14.9
19/08/2021;24.7;14.2
20/08/2021;35.6;11.8
21/08/2021;32.4;13.5
22/08/2021;27.3;12.3
23/08/2021;25.4;17.3
24/08/2021;27.1;13.0
25/08/2021;32.2;10.7
26/08/2021;33.7;13.8
27/08/2021;30.6;13.1
28/08/2021;26.9;10.6
29/08/2021;27.0;8.6
30/08/2021;27.1;10.6
31/08/2021;30.7;10.6
01/09/2021;27.1;16.4
02/09/2021;27.2;15.6
03/09/2021;26.2;15.0
04/09/2021;32.5;14.7
05/09/2021;33.7;13.5
06/09/2021;34.0;14.6
07/09/2021;31.9;19.0
08/09/2021;29.6;16.6
09/09/2021;28.7;16.4
10/09/2021;24.6;15.0
11/09/2021;26.5;12.3
12/09/2021;32.6;11.9
13/09/2021;31.1;13.9
14/09/2021;24.9;17.1
15/09/2021;26.4;13.3
16/09/2021;23.1;13.1
17/09/2021;29.5;9.6
18/09/2021;21.2;12.1
19/09/2021;23.0;6.8
20/09/2021;18.6;11.9
21/09/2021;20.0;9.8
22/09/2021;23.7;12.2
23/09/2021;23.5;10.4
24/09/2021;23.7;10.2
25/09/2021;24.0;13.6
26/09/2021;24.0;13.3
27/09/2021;22.4;13.4
28/09/2021;24.9;12.7
29/09/2021;23.0;11.0
30/09/2021;24.8;11.6
01/10/2021;24.5;8.4
02/10/2021;24.3;7.4
03/10/2021;21.6;7.2
04/10/2021;20.7;3.7
05/10/2021;19.8;13.3
06/10/2021;20.7;9.0
07/10/2021;23.8;4.3
08/10/2021;23.6;4.3
09/10/2021;19.0;2.7
10/10/2021;19.8;8.7
11/10/2021;21.2;4.2
12/10/2021;20.7;1.9
13/10/2021;19.9;2.8
14/10/2021;21.8;1.4
15/10/2021;24.7;3.0
16/10/2021;19.4;6.1
17/10/2021;22.1;10.3
18/10/2021;23.1;7.3
19/10/2021;24.6;9.8
20/10/2021;27.2;12.4
21/10/2021;18.2;8.4
22/10/2021;14.9;4.5
23/10/2021;21.1;2.8
24/10/2021;22.8;-1.3
25/10/2021;21.7;1.7
26/10/2021;21.3;4.2
27/10/2021;23.7;2.0
28/10/2021;19.0;1.1
29/10/2021;14.3;11.6
30/10/2021;19.8;11.7
31/10/2021;20.2;10.9
01/11/2021;17.4;10.4
02/11/2021;17.2;6.5
03/11/2021;11.2;4.9
04/11/2021;10.6;2.9
05/11/2021;9.5;4.7
06/11/2021;11.8;4.1
07/11/2021;11.2;4.4
08/11/2021;15.1;8.9
09/11/2021;13.6;3.4
10/11/2021;14.4;-0.3
11/11/2021;12.1;3.0
12/11/2021;15.2;9.0
13/11/2021;15.3;10.0
14/11/2021;14.6;7.8
15/11/2021;12.0;7.9
16/11/2021;10.4;8.0
17/11/2021;8.9;7.0
18/11/2021;12.8;2.2
19/11/2021;12.8;-0.6
20/11/2021;11.0;-1.0
21/11/2021;12.0;1.3
22/11/2021;7.4;3.9
23/11/2021;6.9;4.8
24/11/2021;11.5;4.6
25/11/2021;7.9;5.4
26/11/2021;8.1;5.0
27/11/2021;6.7;1.5
28/11/2021;4.6;0.4
29/11/2021;9.7;3.3
30/11/2021;15.7;1.3
01/12/2021;8.7;0.4
02/12/2021;9.4;3.3
03/12/2021;10.5;5.0
04/12/2021;12.4;6.9
05/12/2021;7.7;2.5
06/12/2021;10.4;4.6
07/12/2021;14.5;2.7
08/12/2021;8.1;2.0
09/12/2021;;
10/12/2021;12.0;8.4
11/12/2021;12.8;7.5
12/12/2021;15.5;3.2
13/12/2021;11.5;0.2
14/12/2021;7.1;1.9
15/12/2021;8.2;-1.2
16/12/2021;4.5;-0.1
17/12/2021;2.9;-0.7
18/12/2021;3.5;0.8
19/12/2021;2.8;1.2
20/12/2021;8.6;-0.2
21/12/2021;10.3;0.5
22/12/2021;6.1;0.0
23/12/2021;7.8;2.9
24/12/2021;11.4;7.2
25/12/2021;12.1;4.9
26/12/2021;14.1;3.7
27/12/2021;14.8;9.7
28/12/2021;15.9;11.9
29/12/2021;16.3;5.3
30/12/2021;19.4;1.6
31/12/2021;21.7;0.8
01/01/2022;17.0;2.5
02/01/2022;18.9;4.8
03/01/2022;18.0;2.1
04/01/2022;15.9;5.4
05/01/2022;8.2;1.7
06/01/2022;9.9;0.8
07/01/2022;9.0;3.3
08/01/2022;9.2;1.5
09/01/2022;13.2;6.9
10/01/2022;14.7;9.7
11/01/2022;12.4;7.8
12/01/2022;11.1;-0.7
13/01/2022;9.2;-3.1
14/01/2022;9.5;-4.7
15/01/2022;8.7;-4.5
16/01/2022;12.6;-6.1
17/01/2022;11.6;-4.9
18/01/2022;11.1;-4.8
19/01/2022;5.8;-3.9
20/01/2022;7.0;-2.5
21/01/2022;6.1;1.3
22/01/2022;10.6;-4.2
23/01/2022;8.7;-5.1
24/01/2022;10.9;-5.9
25/01/2022;11.0;-5.3
26/01/2022;12.5;-4.9
27/01/2022;13.7;-6.3
28/01/2022;11.4;-5.3
29/01/2022;11.6;-3.7
30/01/2022;17.4;-6.1
31/01/2022;10.6;-2.6
01/02/2022;9.1;-0.4
02/02/2022;19.2;-2.2
03/02/2022;12.2;-2.7
04/02/2022;11.7;-2.4
05/02/2022;10.3;-1.8
06/02/2022;13.8;-3.7
07/02/2022;12.3;-2.5
08/02/2022;15.5;1.4
09/02/2022;16.2;-2.7
10/02/2022;18.6;-2.5
11/02/2022;11.1;1.3
12/02/2022;13.5;-1.4
13/02/2022;16.2;0.6
14/02/2022;10.8;4.7
15/02/2022;12.1;1.3
16/02/2022;15.1;7.7
17/02/2022;18.9;2.3
18/02/2022;17.6;2.4
19/02/2022;10.4;-0.8
20/02/2022;14.5;-1.1
21/02/2022;16.4;1.8
22/02/2022;21.5;-3.0
23/02/2022;20.9;-4.8
24/02/2022;13.5;-1.8
25/02/2022;11.3;0.2
26/02/2022;15.4;-4.9
27/02/2022;16.8;3.1
28/02/2022;20.9;0.1
01/03/2022;19.6;-1.3
02/03/2022;13.0;2.6
03/03/2022;11.3;0.7
04/03/2022;9.9;2.7
05/03/2022;10.0;1.8
06/03/2022;7.9;2.5
07/03/2022;11.7;1.0
08/03/2022;14.1;5.0
09/03/2022;11.7;1.5
10/03/2022;14.7;7.5
11/03/2022;16.4;7.1
12/03/2022;14.7;3.6
13/03/2022;15.0;4.9
14/03/2022;11.8;3.8
15/03/2022;19.1;11.6
16/03/2022;13.6;8.8
17/03/2022;10.3;6.6
18/03/2022;10.1;6.2
19/03/2022;16.9;2.4
20/03/2022;17.3;4.2
21/03/2022;15.3;9.6
22/03/2022;14.1;8.0
23/03/2022;13.9;4.8
24/03/2022;16.5;1.6
25/03/2022;16.8;8.1
26/03/2022;18.0;6.3
27/03/2022;18.6;2.3
28/03/2022;19.2;4.1
29/03/2022;18.6;5.3
30/03/2022;12.5;7.0
31/03/2022;13.8;5.1
01/04/2022;6.9;0.3
02/04/2022;7.3;0.3
03/04/2022;6.8;-0.5
04/04/2022;8.9;-1.1
05/04/2022;14.5;-4.4
06/04/2022;19.3;-2.6
07/04/2022;17.8;0.6
08/04/2022;15.9;9.3
09/04/2022;17.3;5.4
10/04/2022;20.9;0.3
11/04/2022;21.4;9.1
12/04/2022;19.6;8.9
13/04/2022;18.2;3.4
14/04/2022;19.2;8.7
15/04/2022;22.9;5.4
16/04/2022;22.5;4.4
17/04/2022;22.4;2.4
18/04/2022;16.3;8.6
19/04/2022;11.3;6.4
20/04/2022;11.3;5.9
21/04/2022;15.3;5.7
22/04/2022;15.9;2.5
23/04/2022;10.2;5.9
24/04/2022;18.9;7.7
25/04/2022;23.6;3.8
26/04/2022;24.3;5.6
27/04/2022;18.2;10.7
28/04/2022;15.0;9.7
29/04/2022;23.3;4.4
30/04/2022;22.1;7.0
01/05/2022;22.2;3.8
02/05/2022;14.0;10.3
03/05/2022;14.7;9.6
04/05/2022;15.8;7.9
05/05/2022;17.8;3.6
06/05/2022;19.8;2.1
07/05/2022;23.0;2.8
08/05/2022;24.4;4.4
09/05/2022;28.9;4.0
10/05/2022;31.2;5.0
11/05/2022;32.4;8.3
12/05/2022;27.6;12.8
13/05/2022;30.8;12.0
14/05/2022;26.7;12.2
15/05/2022;27.0;12.1
16/05/2022;29.8;11.5
17/05/2022;28.9;13.7
18/05/2022;31.4;11.2
19/05/2022;34.2;10.6
20/05/2022;32.5;15.5
21/05/2022;34.5;11.4
22/05/2022;33.0;16.3
23/05/2022;21.9;12.7
24/05/2022;16.2;10.8
25/05/2022;17.5;8.6
26/05/2022;20.2;10.5
27/05/2022;23.4;12.7
28/05/2022;27.6;14.1
29/05/2022;27.7;7.1
30/05/2022;26.8;11.9
31/05/2022;31.2;8.9
01/06/2022;32.9;11.1
02/06/2022;33.0;12.1
03/06/2022;31.6;15.9
04/06/2022;29.8;14.6
05/06/2022;28.6;12.4
06/06/2022;28.9;12.5
07/06/2022;29.8;14.0
08/06/2022;24.7;13.7
09/06/2022;26.1;14.2
10/06/2022;32.3;8.7
11/06/2022;32.0;14.0
12/06/2022;33.7;14.7
13/06/2022;30.9;16.9
14/06/2022;36.5;14.7
15/06/2022;39.0;14.7
16/06/2022;39.7;15.4
17/06/2022;40.9;19.1
18/06/2022;40.9;18.4
19/06/2022;29.4;14.5
20/06/2022;27.0;16.0
21/06/2022;31.9;16.1
22/06/2022;26.8;14.3
23/06/2022;26.2;13.7
24/06/2022;27.1;13.3
25/06/2022;23.8;12.7
26/06/2022;19.3;10.8
27/06/2022;18.5;10.0
28/06/2022;31.7;4.6
29/06/2022;25.1;7.5
30/06/2022;19.6;10.5
01/07/2022;29.3;4.6
02/07/2022;35.3;9.2
03/07/2022;26.3;14.8
04/07/2022;23.4;15.1
05/07/2022;23.0;16.3
06/07/2022;22.3;14.3
07/07/2022;26.6;8.2
08/07/2022;27.7;9.3
09/07/2022;32.8;9.7
10/07/2022;36.0;10.2
11/07/2022;39.4;13.1
12/07/2022;38.3;14.3
13/07/2022;40.0;13.8
14/07/2022;40.2;12.4
15/07/2022;38.0;14.1
16/07/2022;42.8;14.6
17/07/2022;42.9;16.2
18/07/2022;42.3;17.0
19/07/2022;35.6;17.8
20/07/2022;27.7;17.4
21/07/2022;39.0;13.3
22/07/2022;23.5;17.1
23/07/2022;30.2;14.3
24/07/2022;40.7;12.8
25/07/2022;27.2;14.0
26/07/2022;23.9;16.8
27/07/2022;26.0;13.5
28/07/2022;30.8;11.7
29/07/2022;27.4;15.3
30/07/2022;28.3;14.3
31/07/2022;30.3;15.5
01/08/2022;32.8;18.5
02/08/2022;40.0;13.6
03/08/2022;37.2;20.6
04/08/2022;31.7;17.1
05/08/2022;26.2;18.6
06/08/2022;32.9;17.9
07/08/2022;34.2;15.4
08/08/2022;35.5;16.8
09/08/2022;36.1;16.3
10/08/2022;35.2;16.3
11/08/2022;38.6;20.1
12/08/2022;40.9;16.6
13/08/2022;36.8;16.6
14/08/2022;30.1;17.6
15/08/2022;32.3;13.4
16/08/2022;29.6;14.8
17/08/2022;25.1;11.2
18/08/2022;23.6;13.9
19/08/2022;31.3;11.3
20/08/2022;37.2;10.6
21/08/2022;30.9;14.2
22/08/2022;26.4;13.4
23/08/2022;34.8;18.3
24/08/2022;33.7;14.3
25/08/2022;27.0;18.3
26/08/2022;27.3;15.6
27/08/2022;34.0;12.4
28/08/2022;37.2;12.9
29/08/2022;31.2;16.9
30/08/2022;36.4;12.7
