FECHA;Racha Max (Km/h);Hora Racha;Veloc. Media (max.) (Km/h)
07/05/2013;43;19:00;24
08/05/2013;36;4:10;24
09/05/2013;24;17:00;18
10/05/2013;25;21:00;15
11/05/2013;33;17:40;21
12/05/2013;29;17:20;21
13/05/2013;28;16:30;19
14/05/2013;40;18:30;26
15/05/2013;40;17:30;25
16/05/2013;41;15:00;23
17/05/2013;40;16:10;25
18/05/2013;42;17:40;27
19/05/2013;;;
20/05/2013;26;20:20;17
21/05/2013;23;19:40;14
22/05/2013;50;17:10;36
23/05/2013;45;14:40;30
24/05/2013;41;13:00;27
25/05/2013;34;17:50;21
26/05/2013;39;19:00;22
27/05/2013;31;18:00;20
28/05/2013;42;6:00;28
29/05/2013;42;18:20;29
30/05/2013;52;18:20;34
31/05/2013;49;14:10;30
01/06/2013;33;15:10;23
02/06/2013;32;13:00;23
03/06/2013;29;20:30;21
04/06/2013;28;19:40;19
05/06/2013;26;19:40;16
06/06/2013;42;14:10;29
07/06/2013;76;15:10;36
08/06/2013;30;15:30;20
09/06/2013;37;17:30;26
10/06/2013;45;16:30;27
11/06/2013;37;8:50;22
12/06/2013;30;15:00;18
13/06/2013;31;14:30;21
14/06/2013;35;19:10;22
15/06/2013;31;18:20;22
16/06/2013;31;12:30;19
17/06/2013;43;14:40;26
18/06/2013;38;16:30;22
19/06/2013;35;13:00;23
20/06/2013;22;11:10;14
21/06/2013;25;17:40;17
22/06/2013;28;20:10;19
23/06/2013;39;17:20;24
24/06/2013;27;20:00;19
25/06/2013;30;16:10;19
26/06/2013;37;19:40;23
27/06/2013;37;19:10;24
28/06/2013;30;14:40;21
29/06/2013;31;17:50;20
30/06/2013;28;17:30;17
01/07/2013;32;18:40;21
02/07/2013;36;19:20;26
03/07/2013;30;18:40;20
04/07/2013;33;17:20;22
05/07/2013;31;19:30;20
06/07/2013;35;17:10;22
07/07/2013;31;20:10;21
08/07/2013;29;19:50;20
09/07/2013;29;20:20;22
10/07/2013;33;18:40;22
11/07/2013;33;19:50;24
12/07/2013;75;19:00;45
13/07/2013;34;4:40;17
14/07/2013;35;18:40;22
15/07/2013;32;15:30;15
16/07/2013;122;19:20;46
17/07/2013;38;20:30;23
18/07/2013;31;20:10;18
19/07/2013;41;19:20;27
20/07/2013;54;18:40;33
21/07/2013;41;21:40;24
22/07/2013;43;21:30;17
23/07/2013;38;1:30;27
24/07/2013;33;16:20;16
25/07/2013;30;15:00;19
26/07/2013;35;19:00;22
27/07/2013;48;14:40;32
28/07/2013;47;12:40;29
29/07/2013;37;13:20;22
30/07/2013;32;18:40;21
31/07/2013;32;19:30;19
01/08/2013;37;14:50;23
02/08/2013;45;18:20;31
03/08/2013;36;18:30;26
04/08/2013;23;20:00;15
05/08/2013;34;20:00;22
06/08/2013;34;18:10;23
07/08/2013;44;16:10;26
08/08/2013;43;14:50;26
09/08/2013;29;20:50;19
10/08/2013;28;12:10;18
11/08/2013;27;17:00;19
12/08/2013;33;17:00;22
13/08/2013;34;17:30;20
14/08/2013;;;
15/08/2013;;;
16/08/2013;40;17:30;27
17/08/2013;30;17:50;21
18/08/2013;33;18:30;22
19/08/2013;31;17:10;23
20/08/2013;31;18:40;19
21/08/2013;23;21:00;14
22/08/2013;34;18:00;21
23/08/2013;28;20:50;17
24/08/2013;41;17:50;30
25/08/2013;32;19:50;23
26/08/2013;37;16:30;27
27/08/2013;32;15:30;22
28/08/2013;41;15:10;26
29/08/2013;36;18:40;23
30/08/2013;36;18:50;23
31/08/2013;33;17:10;22
01/09/2013;34;18:30;21
02/09/2013;28;17:30;18
03/09/2013;18;19:40;12
04/09/2013;30;16:50;19
05/09/2013;81;18:10;21
06/09/2013;33;17:30;22
07/09/2013;24;23:00;18
08/09/2013;27;18:20;18
09/09/2013;24;19:40;15
10/09/2013;29;20:40;22
11/09/2013;35;13:50;27
12/09/2013;31;18:40;18
13/09/2013;31;17:20;17
14/09/2013;32;19:10;21
15/09/2013;31;2:00;19
16/09/2013;39;18:20;26
17/09/2013;22;14:30;15
18/09/2013;28;15:40;17
19/09/2013;41;16:10;27
20/09/2013;32;17:10;22
21/09/2013;30;18:30;18
22/09/2013;19;20:40;12
23/09/2013;28;11:30;18
24/09/2013;26;18:50;17
25/09/2013;;;
26/09/2013;;;
27/09/2013;34;21:40;22
28/09/2013;53;14:30;33
29/09/2013;44;15:20;28
30/09/2013;54;14:40;31
01/10/2013;58;10:50;33
02/10/2013;22;15:50;15
03/10/2013;51;15:20;31
04/10/2013;33;18:50;20
05/10/2013;35;16:30;22
06/10/2013;32;15:20;19
07/10/2013;25;16:50;15
08/10/2013;28;17:00;22
09/10/2013;22;16:20;15
10/10/2013;36;17:30;24
11/10/2013;31;16:50;19
12/10/2013;17;20:30;10
13/10/2013;36;14:30;24
14/10/2013;38;15:40;23
15/10/2013;55;10:50;28
16/10/2013;49;13:50;34
17/10/2013;27;14:30;16
18/10/2013;40;23:59;24
19/10/2013;50;4:30;31
20/10/2013;44;15:00;28
21/10/2013;35;15:00;25
22/10/2013;66;15:50;41
23/10/2013;54;14:40;33
24/10/2013;58;14:30;36
25/10/2013;42;2:40;26
26/10/2013;42;18:20;26
27/10/2013;44;11:20;29
28/10/2013;37;9:00;27
29/10/2013;34;17:50;26
30/10/2013;29;14:40;19
31/10/2013;17;15:10;9
01/11/2013;;;
02/11/2013;;;
03/11/2013;;;
04/11/2013;;;
05/11/2013;;;
06/11/2013;;;
07/11/2013;;;
08/11/2013;;;
09/11/2013;;;
10/11/2013;;;
11/11/2013;;;
12/11/2013;;;
13/11/2013;;;
14/11/2013;;;
15/11/2013;;;
16/11/2013;;;
17/11/2013;;;
18/11/2013;;;
19/11/2013;;;
20/11/2013;;;
22/11/2013;;;
23/11/2013;;;
24/11/2013;;;
25/11/2013;;;
26/11/2013;;;
27/11/2013;;;
28/11/2013;;;
29/11/2013;;;
30/11/2013;;;
01/12/2013;;;
02/12/2013;;;
03/12/2013;;;
04/12/2013;;;
05/12/2013;;;
06/12/2013;;;
07/12/2013;;;
08/12/2013;;;
09/12/2013;;;
05/06/2014;23;18:30;12
06/06/2014;53;15:50;26
07/06/2014;41;16:20;22
08/06/2014;28;14:40;11
09/06/2014;40;16:20;19
11/06/2014;24;20:00;13
12/06/2014;26;16:40;14
13/06/2014;34;16:20;19
14/06/2014;37;16:30;21
15/06/2014;41;16:30;25
16/06/2014;34;18:10;18
17/06/2014;31;18:30;18
18/06/2014;33;16:00;16
19/06/2014;27;20:20;17
20/06/2014;40;18:10;21
21/06/2014;32;17:40;17
22/06/2014;29;16:20;18
23/06/2014;32;17:20;17
24/06/2014;29;19:20;16
25/06/2014;25;13:40;14
26/06/2014;23;18:30;12
27/06/2014;27;20:00;15
28/06/2014;50;18:10;29
29/06/2014;34;15:50;16
30/06/2014;32;17:40;15
01/07/2014;35;19:00;20
02/07/2014;31;17:20;17
03/07/2014;34;17:10;17
04/07/2014;27;20:00;13
05/07/2014;39;15:20;21
06/07/2014;43;13:30;19
07/07/2014;25;18:50;14
08/07/2014;27;17:50;16
09/07/2014;33;15:30;19
10/07/2014;32;18:50;17
11/07/2014;30;20:40;17
12/07/2014;26;14:10;12
13/07/2014;30;19:00;17
14/07/2014;31;18:20;17
15/07/2014;24;18:20;13
16/07/2014;;;
17/07/2014;36;20:30;22
18/07/2014;32;19:10;15
19/07/2014;63;16:50;27
20/07/2014;34;19:50;19
21/07/2014;;;
22/07/2014;28;20:20;16
23/07/2014;27;19:40;16
24/07/2014;33;15:00;17
25/07/2014;32;15:30;17
26/07/2014;;;
27/07/2014;33;18:00;16
28/07/2014;;;
29/07/2014;34;15:50;19
30/07/2014;26;18:20;15
31/07/2014;32;19:00;17
01/08/2014;27;16:00;14
02/08/2014;43;18:40;25
03/08/2014;31;14:30;17
04/08/2014;32;18:10;16
05/08/2014;29;16:20;16
06/08/2014;30;16:00;15
07/08/2014;27;17:20;14
08/08/2014;44;18:00;23
09/08/2014;26;16:30;12
10/08/2014;36;13:10;21
11/08/2014;28;17:10;15
12/08/2014;33;18:30;18
13/08/2014;31;2:30;18
14/08/2014;29;20:20;17
15/08/2014;33;19:20;18
16/08/2014;29;16:50;19
17/08/2014;24;19:30;13
18/08/2014;34;17:30;21
19/08/2014;31;18:40;16
20/08/2014;27;18:20;16
21/08/2014;28;17:00;16
22/08/2014;20;16:00;12
23/08/2014;28;18:50;14
24/08/2014;32;18:30;18
25/08/2014;38;14:50;23
26/08/2014;51;14:30;28
27/08/2014;35;17:50;20
28/08/2014;33;15:50;18
29/08/2014;29;17:30;17
30/08/2014;26;17:10;15
31/08/2014;29;17:40;16
01/09/2014;28;16:30;15
02/09/2014;26;18:40;13
03/09/2014;28;17:20;16
04/09/2014;33;17:50;17
05/09/2014;27;19:20;14
06/09/2014;23;20:10;10
08/09/2014;26;16:40;14
09/09/2014;22;20:00;10
10/09/2014;20;20:40;10
11/09/2014;25;17:30;14
12/09/2014;28;18:10;15
13/09/2014;36;18:00;21
14/09/2014;35;20:40;19
15/09/2014;32;16:10;17
16/09/2014;36;16:20;19
17/09/2014;48;18:40;21
18/09/2014;36;14:30;16
19/09/2014;31;18:50;17
20/09/2014;23;15:30;10
21/09/2014;29;19:00;15
22/09/2014;27;18:40;13
23/09/2014;24;16:50;13
24/09/2014;27;17:00;20
25/09/2014;27;15:20;14
26/09/2014;20;13:50;10
27/09/2014;21;18:20;10
28/09/2014;19;16:30;10
29/09/2014;17;19:40;9
30/09/2014;21;16:20;12
01/10/2014;23;17:20;12
02/10/2014;24;18:00;13
03/10/2014;;;
04/10/2014;;;
05/10/2014;;;
06/10/2014;;;
07/10/2014;39;11:10;23
08/10/2014;46;15:30;25
09/10/2014;34;5:10;16
10/10/2014;28;18:10;13
11/10/2014;15;16:00;9
12/10/2014;42;16:30;23
13/10/2014;33;20:50;14
14/10/2014;29;17:50;17
15/10/2014;35;5:50;19
16/10/2014;61;13:30;25
17/10/2014;39;3:50;15
18/10/2014;29;14:00;15
19/10/2014;16;17:10;9
20/10/2014;13;14:30;8
21/10/2014;28;16:50;17
22/10/2014;21;19:10;11
23/10/2014;10;16:30;5
24/10/2014;19;17:10;12
25/10/2014;22;17:50;10
26/10/2014;;;
27/10/2014;20;13:40;13
28/10/2014;19;15:00;10
29/10/2014;13;12:30;7
30/10/2014;16;13:40;9
31/10/2014;28;15:50;15
01/11/2014;13;19:30;6
02/11/2014;27;14:30;14
03/11/2014;51;14:10;23
04/11/2014;;;
05/11/2014;;;
06/11/2014;35;23:00;20
07/11/2014;42;6:30;25
08/11/2014;;;
09/11/2014;;;
10/11/2014;37;14:50;22
11/11/2014;39;20:20;20
12/11/2014;39;2:10;22
13/11/2014;31;22:30;15
14/11/2014;45;1:40;20
15/11/2014;51;12:30;29
16/11/2014;59;21:00;29
17/11/2014;31;15:40;18
18/11/2014;36;13:30;22
19/11/2014;23;2:50;13
20/11/2014;;;
21/11/2014;31;16:10;14
22/11/2014;28;8:50;15
23/11/2014;13;16:30;7
24/11/2014;11;17:40;6
25/11/2014;14;11:30;9
26/11/2014;;;
27/11/2014;;;
28/11/2014;;;
29/11/2014;35;0:20;14
30/11/2014;;;
01/12/2014;;;
02/12/2014;28;5:30;18
03/12/2014;23;4:00;11
04/12/2014;17;15:50;10
05/12/2014;22;15:00;14
06/12/2014;48;14:30;21
07/12/2014;16;23:50;10
08/12/2014;33;17:00;18
09/12/2014;36;3:00;18
10/12/2014;29;22:10;19
11/12/2014;21;2:30;14
12/12/2014;38;23:59;21
13/12/2014;44;1:00;19
14/12/2014;24;22:40;14
15/12/2014;22;0:10;13
16/12/2014;38;15:30;23
17/12/2014;26;15:30;14
18/12/2014;20;14:20;10
19/12/2014;20;14:20;13
20/12/2014;8;18:00;5
21/12/2014;14;18:20;7
22/12/2014;11;18:40;7
23/12/2014;15;2:50;9
24/12/2014;11;9:10;7
25/12/2014;12;16:50;8
26/12/2014;10;0:10;6
27/12/2014;53;13:20;32
28/12/2014;36;10:30;21
29/12/2014;30;3:00;15
30/12/2014;12;1:10;8
31/12/2014;9;12:30;5
01/01/2015;7;13:30;4
02/01/2015;10;13:20;5
03/01/2015;8;14:40;5
04/01/2015;10;21:00;6
05/01/2015;12;13:20;7
06/01/2015;13;15:30;7
07/01/2015;13;4:00;9
08/01/2015;24;15:00;14
09/01/2015;10;9:40;6
10/01/2015;14;17:30;7
11/01/2015;22;15:40;13
12/01/2015;18;16:50;10
13/01/2015;30;16:50;17
14/01/2015;39;17:30;21
15/01/2015;55;8:00;26
16/01/2015;49;16:10;26
17/01/2015;36;14:40;21
18/01/2015;23;15:50;11
19/01/2015;32;8:20;17
20/01/2015;24;14:40;13
21/01/2015;41;10:30;22
22/01/2015;32;11:20;15
23/01/2015;26;15:20;15
24/01/2015;26;23:20;13
25/01/2015;30;15:40;20
26/01/2015;19;13:50;12
27/01/2015;31;16:00;18
28/01/2015;28;23:50;16
29/01/2015;58;18:50;31
30/01/2015;53;5:00;30
31/01/2015;58;1:00;30
01/02/2015;54;4:30;30
02/02/2015;36;12:40;19
03/02/2015;36;3:30;21
04/02/2015;40;17:50;21
05/02/2015;39;12:00;21
06/02/2015;16;16:10;8
07/02/2015;14;16:30;8
08/02/2015;33;15:50;20
09/02/2015;28;5:00;15
10/02/2015;8;9:30;6
11/02/2015;10;11:30;8
12/02/2015;12;21:50;6
13/02/2015;36;10:20;21
14/02/2015;39;12:10;19
15/02/2015;30;12:40;18
16/02/2015;25;22:50;14
17/02/2015;40;5:40;21
18/02/2015;20;14:50;12
19/02/2015;12;17:00;7
20/02/2015;36;21:50;19
21/02/2015;39;14:30;21
22/02/2015;25;0:20;15
23/02/2015;43;9:00;25
24/02/2015;50;4:30;29
25/02/2015;37;9:20;21
26/02/2015;34;14:10;21
27/02/2015;37;15:30;21
28/02/2015;35;10:30;22
01/03/2015;45;17:50;27
02/03/2015;39;1:20;24
03/03/2015;29;18:00;17
04/03/2015;46;15:30;27
05/03/2015;31;15:40;17
06/03/2015;12;2:30;8
07/03/2015;10;20:10;5
08/03/2015;32;14:30;20
09/03/2015;12;18:30;8
10/03/2015;13;18:00;6
11/03/2015;33;16:00;19
12/03/2015;;;
13/03/2015;33;18:50;22
14/03/2015;;;
15/03/2015;;;
16/03/2015;23;18:30;11
17/03/2015;27;16:10;13
18/03/2015;34;15:10;17
19/03/2015;31;16:20;17
20/03/2015;24;12:30;15
21/03/2015;22;22:30;13
22/03/2015;;;
23/03/2015;8;13:30;6
24/03/2015;34;13:30;22
25/03/2015;50;15:10;29
26/03/2015;;;
27/03/2015;35;14:50;22
28/03/2015;30;19:30;18
29/03/2015;27;18:40;13
30/03/2015;38;16:50;22
31/03/2015;;;
01/04/2015;;;
02/04/2015;30;17:30;17
03/04/2015;33;17:30;18
04/04/2015;;;
05/04/2015;32;19:30;16
06/04/2015;29;20:00;17
07/04/2015;34;22:00;19
08/04/2015;41;4:00;21
09/04/2015;33;18:50;17
10/04/2015;;;
11/04/2015;26;17:10;14
12/04/2015;28;20:50;15
13/04/2015;;;
14/04/2015;44;17:00;23
15/04/2015;42;18:30;18
16/04/2015;33;17:50;16
17/04/2015;22;14:30;13
18/04/2015;46;16:00;21
19/04/2015;32;16:50;21
20/04/2015;24;20:50;14
21/04/2015;40;19:50;23
22/04/2015;44;18:50;18
23/04/2015;22;19:10;13
24/04/2015;38;18:30;13
25/04/2015;39;12:30;24
26/04/2015;30;3:30;17
27/04/2015;33;16:40;18
28/04/2015;22;16:40;11
29/04/2015;21;17:50;12
30/04/2015;40;17:40;24
01/05/2015;45;14:40;24
02/05/2015;40;12:00;23
03/05/2015;35;13:10;19
04/05/2015;54;23:59;31
05/05/2015;67;1:10;33
06/05/2015;28;19:40;14
07/05/2015;22;14:40;11
08/05/2015;41;16:20;23
09/05/2015;28;19:50;15
10/05/2015;23;18:00;9
11/05/2015;21;20:20;9
12/05/2015;26;21:40;12
13/05/2015;44;13:30;23
14/05/2015;36;14:10;21
15/05/2015;36;16:10;20
16/05/2015;31;15:00;17
17/05/2015;25;17:50;14
18/05/2015;35;18:10;23
19/05/2015;33;17:30;18
20/05/2015;30;18:10;17
21/05/2015;37;19:20;20
22/05/2015;32;16:00;19
23/05/2015;30;16:50;15
24/05/2015;27;13:30;15
25/05/2015;29;18:10;15
26/05/2015;35;17:40;19
27/05/2015;36;10:50;15
28/05/2015;28;16:10;16
29/05/2015;24;17:40;14
30/05/2015;28;18:20;18
31/05/2015;35;16:50;17
01/06/2015;32;16:30;18
02/06/2015;34;18:10;17
03/06/2015;26;20:10;13
04/06/2015;28;18:10;15
05/06/2015;29;17:50;18
06/06/2015;31;17:30;19
07/06/2015;27;17:20;17
08/06/2015;31;18:40;16
09/06/2015;28;17:10;17
10/06/2015;35;21:50;20
11/06/2015;40;20:00;20
12/06/2015;27;17:40;14
13/06/2015;26;16:10;16
14/06/2015;34;17:50;17
15/06/2015;35;17:10;20
16/06/2015;27;13:30;14
17/06/2015;32;19:00;18
18/06/2015;31;15:20;16
19/06/2015;29;18:20;16
20/06/2015;31;16:40;15
21/06/2015;25;16:00;15
22/06/2015;30;20:10;17
23/06/2015;28;19:00;15
24/06/2015;30;16:40;14
25/06/2015;29;19:30;15
26/06/2015;37;17:50;20
27/06/2015;28;19:20;16
28/06/2015;33;19:30;18
29/06/2015;20;20:00;10
30/06/2015;;;
01/07/2015;32;16:50;16
02/07/2015;36;18:10;21
03/07/2015;36;12:50;18
04/07/2015;35;18:00;18
05/07/2015;29;16:50;16
06/07/2015;27;19:40;12
07/07/2015;34;19:10;19
08/07/2015;32;14:50;17
09/07/2015;27;18:40;14
10/07/2015;41;18:20;23
11/07/2015;27;16:40;17
12/07/2015;32;18:20;19
13/07/2015;31;18:50;18
14/07/2015;27;18:00;15
15/07/2015;27;20:10;14
16/07/2015;34;17:50;19
17/07/2015;;;
18/07/2015;;;
19/07/2015;31;18:10;18
20/07/2015;30;18:50;16
21/07/2015;36;17:10;19
22/07/2015;32;16:30;18
23/07/2015;28;19:40;15
24/07/2015;39;18:20;21
25/07/2015;31;19:00;15
26/07/2015;31;19:10;17
27/07/2015;34;18:50;18
28/07/2015;32;18:40;18
29/07/2015;31;15:20;17
30/07/2015;21;16:40;12
31/07/2015;29;18:00;15
01/08/2015;23;14:00;13
02/08/2015;;;
03/08/2015;35;18:30;17
04/08/2015;26;19:20;14
05/08/2015;44;17:20;23
06/08/2015;26;20:20;13
07/08/2015;33;15:50;17
08/08/2015;31;16:30;15
09/08/2015;30;18:20;15
10/08/2015;20;20:40;10
11/08/2015;29;19:20;15
12/08/2015;37;23:40;20
13/08/2015;45;15:40;26
14/08/2015;24;17:30;13
15/08/2015;27;19:30;16
16/08/2015;27;18:00;14
17/08/2015;30;17:20;15
18/08/2015;28;18:50;17
19/08/2015;26;16:50;15
20/08/2015;30;20:00;14
21/08/2015;28;19:00;14
22/08/2015;67;20:10;30
23/08/2015;50;19:20;26
24/08/2015;47;0:50;23
25/08/2015;24;15:50;12
26/08/2015;37;14:30;20
27/08/2015;44;15:40;29
28/08/2015;24;9:10;14
29/08/2015;27;18:30;12
30/08/2015;57;22:00;21
31/08/2015;52;20:50;18
01/09/2015;23;16:20;12
02/09/2015;22;15:20;11
03/09/2015;23;13:50;12
04/09/2015;24;18:40;12
05/09/2015;26;16:20;14
06/09/2015;27;15:50;14
07/09/2015;24;14:50;12
08/09/2015;15;21:00;7
09/09/2015;19;15:40;11
10/09/2015;26;14:50;14
11/09/2015;23;14:40;12
12/09/2015;25;16:50;15
13/09/2015;42;21:20;24
14/09/2015;44;15:50;21
15/09/2015;49;23:40;22
16/09/2015;63;16:50;37
17/09/2015;45;9:00;26
18/09/2015;25;18:40;13
19/09/2015;28;18:10;15
20/09/2015;23;19:20;11
21/09/2015;30;18:00;14
22/09/2015;33;16:00;17
23/09/2015;28;10:30;17
24/09/2015;14;19:20;8
25/09/2015;21;18:50;11
26/09/2015;28;17:30;15
27/09/2015;25;18:50;15
28/09/2015;25;17:00;13
29/09/2015;22;18:40;13
30/09/2015;;;
01/10/2015;33;16:20;19
02/10/2015;24;19:00;13
03/10/2015;27;16:10;14
04/10/2015;39;15:30;15
05/10/2015;;;
06/10/2015;;;
07/10/2015;24;18:20;13
08/10/2015;31;16:30;14
09/10/2015;12;15:20;6
10/10/2015;18;18:50;10
11/10/2015;22;16:00;14
12/10/2015;23;17:40;15
13/10/2015;32;13:30;17
14/10/2015;32;15:50;15
15/10/2015;19;19:00;10
16/10/2015;10;15:30;4
17/10/2015;29;21:00;14
18/10/2015;17;10:30;10
19/10/2015;16;17:20;9
20/10/2015;;;
21/10/2015;22;18:50;13
22/10/2015;;;
23/10/2015;10;10:30;6
24/10/2015;9;4:50;4
25/10/2015;11;15:00;5
26/10/2015;35;13:30;17
27/10/2015;;;
28/10/2015;41;14:00;25
29/10/2015;;;
30/10/2015;;;
31/10/2015;;;
01/11/2015;;;
02/11/2015;;;
03/11/2015;;;
04/11/2015;21;0:30;11
05/11/2015;;;
06/11/2015;;;
07/11/2015;17;14:00;9
08/11/2015;22;13:50;13
09/11/2015;15;11:40;8
10/11/2015;9;7:20;5
11/11/2015;9;17:20;5
12/11/2015;16;15:20;8
13/11/2015;;;
14/11/2015;;;
15/11/2015;9;13:40;5
16/11/2015;17;17:00;10
17/11/2015;;;
18/11/2015;7;12:30;4
19/11/2015;12;17:20;7
20/11/2015;;;
21/11/2015;55;17:00;26
22/11/2015;29;1:20;16
23/11/2015;19;20:00;11
24/11/2015;29;23:10;16
25/11/2015;63;17:10;30
26/11/2015;30;0:50;17
27/11/2015;22;15:20;14
28/11/2015;;;
29/11/2015;8;13:10;4
30/11/2015;;;
01/12/2015;;;
02/12/2015;;;
03/12/2015;;;
04/12/2015;;;
05/12/2015;9;15:00;6
06/12/2015;21;19:30;11
07/12/2015;31;10:40;17
08/12/2015;21;0:10;12
09/12/2015;9;15:20;5
10/12/2015;;;
11/12/2015;;;
12/12/2015;17;4:20;9
13/12/2015;;;
14/12/2015;;;
15/12/2015;35;11:20;20
16/12/2015;32;11:40;19
17/12/2015;;;
18/12/2015;;;
19/12/2015;25;13:30;15
20/12/2015;;;
21/12/2015;;;
22/12/2015;;;
23/12/2015;19;14:30;12
24/12/2015;25;0:50;13
25/12/2015;23;15:20;12
26/12/2015;26;2:00;13
27/12/2015;17;14:20;9
28/12/2015;40;16:30;19
29/12/2015;41;0:10;19
30/12/2015;;;
31/12/2015;;;
01/01/2016;48;19:40;23
02/01/2016;;;
03/01/2016;;;
04/01/2016;29;21:00;17
05/01/2016;;;
06/01/2016;49;23:00;27
07/01/2016;72;19:30;37
08/01/2016;;;
09/01/2016;;;
10/01/2016;71;22:40;33
11/01/2016;62;13:20;33
12/01/2016;49;0:50;24
13/01/2016;27;22:50;15
14/01/2016;45;10:10;24
15/01/2016;38;17:10;19
16/01/2016;;;
17/01/2016;;;
18/01/2016;;;
19/01/2016;37;11:20;22
20/01/2016;32;13:30;18
21/01/2016;;;
22/01/2016;24;15:20;14
23/01/2016;17;16:40;9
24/01/2016;20;15:30;12
25/01/2016;23;11:30;10
26/01/2016;15;21:40;8
27/01/2016;25;23:59;15
28/01/2016;26;11:20;17
29/01/2016;20;2:30;11
30/01/2016;35;12:50;21
31/01/2016;41;7:00;22
01/02/2016;18;14:50;10
02/02/2016;;;
03/02/2016;;;
04/02/2016;;;
05/02/2016;;;
06/02/2016;;;
07/02/2016;52;20:00;26
08/02/2016;53;13:20;28
09/02/2016;83;10:10;43
10/02/2016;38;13:50;21
11/02/2016;21;16:30;10
12/02/2016;51;3:50;27
13/02/2016;57;12:00;32
14/02/2016;56;0:10;31
15/02/2016;46;17:10;22
16/02/2016;37;14:00;18
17/02/2016;34;13:30;19
18/02/2016;30;14:20;18
19/02/2016;11;12:00;7
20/02/2016;9;16:40;5
21/02/2016;28;15:20;15
22/02/2016;18;16:30;12
23/02/2016;31;13:50;18
24/02/2016;57;13:00;28
25/02/2016;35;14:10;21
26/02/2016;28;10:20;14
27/02/2016;49;15:40;28
28/02/2016;27;12:20;16
29/02/2016;46;7:50;28
01/03/2016;24;19:00;13
02/03/2016;43;17:30;27
03/03/2016;43;11:50;24
04/03/2016;50;9:20;25
05/03/2016;43;9:40;27
06/03/2016;38;16:40;22
07/03/2016;38;17:00;21
08/03/2016;30;14:10;14
09/03/2016;47;16:30;31
10/03/2016;31;21:40;19
11/03/2016;27;15:50;18
12/03/2016;23;16:50;15
13/03/2016;29;17:30;19
14/03/2016;26;14:40;14
15/03/2016;13;13:20;7
16/03/2016;23;14:20;14
17/03/2016;19;17:00;12
18/03/2016;21;19:10;11
19/03/2016;17;12:50;9
20/03/2016;24;13:50;13
21/03/2016;27;17:10;18
22/03/2016;29;12:30;18
23/03/2016;38;13:50;24
24/03/2016;23;18:50;12
25/03/2016;9;23:10;7
26/03/2016;45;14:40;24
27/03/2016;45;12:10;24
28/03/2016;43;2:50;24
29/03/2016;39;10:50;19
30/03/2016;28;15:50;16
31/03/2016;37;14:50;22
01/04/2016;39;15:10;24
02/04/2016;27;14:40;13
03/04/2016;42;17:10;21
04/04/2016;25;13:20;13
05/04/2016;39;16:00;26
06/04/2016;27;15:00;16
07/04/2016;31;22:00;20
08/04/2016;34;15:20;19
09/04/2016;29;17:20;17
10/04/2016;59;19:50;30
11/04/2016;48;13:30;22
12/04/2016;46;15:40;24
13/04/2016;42;15:20;23
14/04/2016;44;17:40;27
15/04/2016;50;18:40;23
16/04/2016;48;18:20;25
17/04/2016;34;13:20;18
18/04/2016;23;19:40;12
19/04/2016;27;17:10;13
20/04/2016;46;13:30;27
21/04/2016;37;15:20;21
22/04/2016;26;14:00;14
23/04/2016;20;15:00;13
24/04/2016;29;16:30;17
25/04/2016;21;20:20;11
26/04/2016;30;18:50;19
27/04/2016;27;18:00;15
28/04/2016;27;15:10;14
29/04/2016;26;20:00;14
30/04/2016;47;17:20;28
01/05/2016;32;14:20;18
02/05/2016;26;18:30;15
03/05/2016;27;12:50;14
04/05/2016;17;19:00;9
05/05/2016;22;14:20;10
06/05/2016;50;16:50;28
07/05/2016;37;21:30;18
08/05/2016;57;13:40;27
09/05/2016;45;21:50;24
10/05/2016;35;15:10;17
11/05/2016;34;12:00;19
12/05/2016;36;17:00;19
13/05/2016;25;15:50;13
14/05/2016;21;19:40;12
15/05/2016;27;11:40;16
16/05/2016;23;18:10;13
17/05/2016;28;19:20;14
18/05/2016;32;17:10;19
19/05/2016;23;19:20;14
20/05/2016;16;19:30;9
21/05/2016;54;18:40;19
22/05/2016;41;10:20;23
23/05/2016;18;14:10;10
24/05/2016;28;22:40;15
25/05/2016;27;16:40;15
26/05/2016;28;17:40;13
27/05/2016;27;17:20;15
28/05/2016;39;16:00;22
29/05/2016;44;14:20;23
30/05/2016;38;15:00;22
31/05/2016;26;15:40;15
01/06/2016;27;14:10;13
02/06/2016;26;19:40;14
03/06/2016;37;22:10;18
04/06/2016;26;17:30;15
05/06/2016;20;21:20;10
06/06/2016;41;15:40;23
07/06/2016;27;19:20;13
08/06/2016;26;18:10;14
09/06/2016;27;18:00;15
10/06/2016;26;15:50;15
11/06/2016;27;15:30;14
12/06/2016;30;19:10;14
13/06/2016;35;16:10;19
14/06/2016;58;20:00;27
15/06/2016;46;13:30;23
16/06/2016;49;14:50;29
17/06/2016;32;14:00;19
18/06/2016;32;14:50;20
19/06/2016;28;17:50;16
20/06/2016;22;20:30;12
21/06/2016;22;19:50;11
22/06/2016;44;19:50;23
23/06/2016;34;18:30;18
24/06/2016;27;19:10;17
25/06/2016;28;17:40;17
26/06/2016;29;19:50;14
27/06/2016;28;19:20;14
28/06/2016;36;18:30;19
29/06/2016;34;16:30;17
30/06/2016;31;18:20;15
01/07/2016;32;19:20;19
02/07/2016;27;18:30;15
03/07/2016;28;15:30;14
04/07/2016;26;17:20;15
05/07/2016;27;18:40;15
06/07/2016;26;18:50;15
07/07/2016;33;1:00;12
08/07/2016;36;18:50;19
09/07/2016;32;19:10;18
10/07/2016;32;16:40;17
11/07/2016;28;17:20;14
12/07/2016;32;17:20;15
13/07/2016;28;17:20;14
14/07/2016;30;17:00;15
15/07/2016;29;18:20;15
16/07/2016;24;17:00;12
17/07/2016;16;19:10;8
18/07/2016;26;12:30;13
19/07/2016;31;14:00;14
20/07/2016;35;18:30;18
21/07/2016;30;16:40;17
22/07/2016;32;18:10;18
23/07/2016;26;16:40;15
24/07/2016;27;20:10;15
25/07/2016;30;15:10;16
26/07/2016;32;18:30;16
27/07/2016;26;18:30;15
28/07/2016;28;16:50;15
29/07/2016;24;20:10;13
30/07/2016;36;16:20;21
31/07/2016;27;19:10;15
01/08/2016;30;16:30;14
02/08/2016;30;18:30;15
03/08/2016;32;17:40;17
04/08/2016;28;16:10;14
05/08/2016;27;16:50;16
06/08/2016;31;14:50;16
07/08/2016;35;14:20;16
08/08/2016;28;17:50;16
09/08/2016;36;18:50;20
10/08/2016;37;19:00;17
11/08/2016;23;17:30;12
12/08/2016;16;20:00;9
13/08/2016;24;20:10;13
14/08/2016;19;16:00;10
15/08/2016;35;18:40;17
16/08/2016;26;19:20;13
17/08/2016;33;17:40;18
18/08/2016;26;18:50;14
19/08/2016;37;16:10;15
20/08/2016;29;15:40;16
21/08/2016;28;19:50;15
22/08/2016;21;20:00;9
23/08/2016;23;12:50;12
24/08/2016;30;19:50;17
25/08/2016;25;16:10;12
26/08/2016;58;19:40;24
27/08/2016;26;19:50;14
28/08/2016;27;18:00;15
29/08/2016;30;15:50;16
30/08/2016;31;16:30;14
31/08/2016;27;18:40;13
01/09/2016;27;19:40;16
02/09/2016;29;17:20;15
03/09/2016;22;19:50;12
04/09/2016;38;17:10;19
05/09/2016;27;18:30;14
06/09/2016;19;19:30;10
07/09/2016;27;20:50;12
08/09/2016;28;0:40;15
09/09/2016;31;18:50;17
10/09/2016;27;19:00;13
11/09/2016;19;19:30;8
12/09/2016;23;21:40;12
13/09/2016;66;14:40;33
14/09/2016;31;16:20;18
15/09/2016;52;18:40;28
16/09/2016;41;2:00;22
17/09/2016;28;17:50;17
18/09/2016;26;15:30;11
19/09/2016;22;19:20;11
20/09/2016;17;16:40;10
21/09/2016;27;18:40;15
22/09/2016;25;17:40;13
23/09/2016;20;19:10;11
24/09/2016;26;18:10;12
25/09/2016;28;18:40;15
26/09/2016;24;20:40;12
27/09/2016;17;18:00;10
28/09/2016;21;18:30;11
29/09/2016;21;15:40;11
30/09/2016;25;20:30;13
01/10/2016;29;18:10;15
02/10/2016;25;18:50;14
03/10/2016;22;15:40;10
04/10/2016;29;17:40;16
05/10/2016;24;19:00;13
06/10/2016;25;17:50;13
07/10/2016;24;18:00;14
08/10/2016;27;17:40;16
09/10/2016;26;15:00;15
10/10/2016;28;15:00;13
11/10/2016;19;17:40;10
12/10/2016;23;11:10;13
13/10/2016;14;18:30;8
14/10/2016;17;5:40;10
15/10/2016;27;12:40;15
16/10/2016;16;16:30;8
17/10/2016;16;18:40;10
18/10/2016;20;19:00;11
19/10/2016;20;18:10;10
20/10/2016;22;16:20;11
21/10/2016;20;15:10;11
22/10/2016;25;18:20;13
23/10/2016;36;12:30;17
24/10/2016;27;0:10;14
25/10/2016;21;7:00;9
26/10/2016;24;17:20;12
27/10/2016;21;18:30;9
28/10/2016;12;17:10;6
29/10/2016;9;11:20;5
30/10/2016;7;14:20;4
31/10/2016;24;20:50;12
01/11/2016;19;14:50;9
02/11/2016;10;17:20;5
03/11/2016;15;19:40;6
04/11/2016;19;14:50;11
05/11/2016;22;11:20;13
06/11/2016;34;12:10;19
07/11/2016;28;13:10;14
08/11/2016;41;23:20;24
09/11/2016;41;13:10;22
10/11/2016;33;13:10;21
11/11/2016;22;14:20;13
12/11/2016;28;11:30;17
13/11/2016;32;15:40;17
14/11/2016;31;12:40;16
15/11/2016;26;13:50;12
16/11/2016;13;16:50;7
17/11/2016;9;22:10;6
18/11/2016;27;12:10;15
19/11/2016;46;21:30;23
20/11/2016;46;0:40;19
21/11/2016;57;14:30;32
22/11/2016;16;0:20;8
23/11/2016;25;23:59;15
24/11/2016;33;1:10;19
25/11/2016;21;17:30;11
26/11/2016;38;14:00;20
27/11/2016;32;14:00;16
28/11/2016;8;9:30;5
29/11/2016;23;15:40;11
30/11/2016;32;15:10;16
01/12/2016;15;12:50;7
02/12/2016;11;4:10;7
03/12/2016;28;18:00;15
04/12/2016;26;20:40;13
05/12/2016;31;11:00;18
06/12/2016;10;9:30;5
07/12/2016;22;19:30;10
08/12/2016;26;13:10;14
09/12/2016;23;11:40;13
10/12/2016;15;5:30;8
11/12/2016;10;23:00;6
12/12/2016;11;17:20;6
13/12/2016;22;22:50;13
14/12/2016;22;10:40;11
15/12/2016;27;20:50;15
16/12/2016;20;0:30;10
17/12/2016;10;18:50;6
18/12/2016;12;23:20;8
19/12/2016;16;21:20;9
20/12/2016;14;14:20;9
21/12/2016;9;2:20;6
22/12/2016;9;16:00;6
23/12/2016;19;16:30;12
24/12/2016;13;21:00;6
25/12/2016;13;12:10;8
26/12/2016;23;14:40;13
27/12/2016;8;13:00;5
28/12/2016;18;16:20;12
29/12/2016;12;18:20;6
30/12/2016;8;9:10;5
31/12/2016;13;22:30;8
01/01/2017;18;6:30;12
02/01/2017;23;3:10;12
03/01/2017;8;5:10;5
04/01/2017;9;20:50;5
05/01/2017;21;16:50;11
06/01/2017;15;16:50;8
07/01/2017;10;18:10;5
08/01/2017;19;16:10;10
09/01/2017;16;13:50;8
10/01/2017;33;15:10;20
11/01/2017;25;12:00;14
12/01/2017;41;16:10;24
13/01/2017;32;14:40;18
14/01/2017;32;13:30;18
15/01/2017;31;17:00;19
16/01/2017;37;14:30;22
17/01/2017;35;14:30;22
18/01/2017;29;11:10;17
19/01/2017;16;17:40;9
20/01/2017;8;11:00;4
21/01/2017;9;11:40;6
22/01/2017;20;14:30;11
23/01/2017;28;13:40;17
24/01/2017;22;14:10;13
25/01/2017;13;9:40;7
26/01/2017;32;14:20;18
27/01/2017;38;4:30;21
28/01/2017;34;15:30;19
29/01/2017;30;13:20;17
30/01/2017;26;2:40;15
31/01/2017;21;13:40;12
01/02/2017;33;23:59;17
02/02/2017;60;17:30;35
03/02/2017;84;23:59;37
04/02/2017;96;3:00;50
05/02/2017;67;15:50;35
06/02/2017;41;13:50;23
07/02/2017;39;19:10;22
08/02/2017;31;14:30;18
09/02/2017;22;14:00;13
10/02/2017;31;12:20;14
11/02/2017;22;12:50;10
12/02/2017;72;20:30;35
13/02/2017;66;0:10;35
14/02/2017;25;12:30;15
16/02/2017;14;14:40;8
17/02/2017;10;14:40;5
18/02/2017;24;17:10;13
19/02/2017;24;17:00;14
20/02/2017;22;15:20;12
21/02/2017;22;14:50;11
22/02/2017;14;18:20;8
23/02/2017;21;19:10;11
24/02/2017;29;15:10;17
25/02/2017;14;18:10;7
26/02/2017;15;17:30;9
27/02/2017;56;9:50;29
28/02/2017;60;13:50;31
01/03/2017;41;15:10;21
02/03/2017;31;0:50;17
03/03/2017;42;20:00;25
04/03/2017;49;7:30;28
05/03/2017;47;14:30;27
06/03/2017;45;11:00;27
07/03/2017;44;14:20;25
08/03/2017;17;18:30;8
09/03/2017;23;17:10;13
10/03/2017;20;17:10;13
11/03/2017;30;17:10;15
12/03/2017;46;21:50;22
13/03/2017;36;10:10;20
14/03/2017;30;14:40;16
15/03/2017;16;18:30;10
16/03/2017;18;14:40;10
17/03/2017;33;17:40;19
18/03/2017;27;15:50;15
19/03/2017;29;17:20;17
20/03/2017;37;16:20;22
21/03/2017;25;15:40;12
22/03/2017;58;14:50;29
23/03/2017;40;12:20;22
24/03/2017;34;18:50;21
25/03/2017;43;13:10;24
26/03/2017;48;16:10;25
27/03/2017;31;13:20;17
28/03/2017;31;16:10;19
29/03/2017;24;13:40;14
30/03/2017;26;16:00;14
31/03/2017;41;16:50;24
01/04/2017;47;16:10;27
02/04/2017;32;17:00;18
03/04/2017;19;19:20;11
04/04/2017;25;16:00;14
05/04/2017;31;16:50;20
06/04/2017;28;16:00;15
07/04/2017;18;20:20;9
08/04/2017;21;15:50;11
09/04/2017;18;18:10;10
10/04/2017;27;18:50;15
11/04/2017;29;17:40;17
12/04/2017;23;19:00;13
13/04/2017;28;16:50;16
14/04/2017;31;16:50;18
15/04/2017;28;17:10;17
16/04/2017;27;19:30;14
17/04/2017;27;18:50;15
18/04/2017;31;13:10;16
19/04/2017;41;17:30;21
20/04/2017;28;19:20;15
21/04/2017;24;17:30;14
22/04/2017;20;12:50;10
23/04/2017;26;19:00;14
24/04/2017;22;19:50;11
25/04/2017;28;16:30;16
26/04/2017;27;17:30;15
27/04/2017;37;17:50;18
28/04/2017;29;15:40;14
29/04/2017;34;20:40;17
30/04/2017;63;16:50;31
01/05/2017;34;17:10;18
02/05/2017;19;15:50;11
03/05/2017;26;18:40;14
04/05/2017;19;19:10;8
05/05/2017;59;20:40;30
06/05/2017;42;8:40;23
07/05/2017;26;18:50;15
08/05/2017;26;18:50;15
09/05/2017;31;19:40;15
10/05/2017;26;18:50;15
11/05/2017;26;18:50;15
12/05/2017;26;18:50;15
13/05/2017;26;18:50;15
14/05/2017;34;12:50;19
15/05/2017;18;16:10;9
16/05/2017;21;21:20;11
17/05/2017;26;18:00;17
18/05/2017;24;9:00;14
19/05/2017;28;17:10;15
20/05/2017;23;18:10;13
21/05/2017;26;13:50;13
22/05/2017;31;17:10;17
23/05/2017;25;14:50;14
24/05/2017;18;17:40;10
25/05/2017;52;22:00;26
26/05/2017;38;20:40;21
27/05/2017;19;19:50;9
28/05/2017;28;16:00;14
29/05/2017;26;17:00;12
30/05/2017;27;18:10;15
31/05/2017;22;18:20;10
01/06/2017;27;19:30;14
02/06/2017;32;16:40;16
03/06/2017;29;7:10;16
04/06/2017;25;8:40;12
05/06/2017;32;17:20;18
06/06/2017;27;1:50;17
07/06/2017;22;16:20;8
08/06/2017;40;18:40;18
09/06/2017;27;18:30;14
10/06/2017;26;19:40;14
11/06/2017;34;18:00;20
12/06/2017;34;19:20;17
13/06/2017;30;18:50;16
14/06/2017;31;19:00;16
15/06/2017;27;15:30;15
16/06/2017;24;12:50;14
17/06/2017;29;18:10;14
18/06/2017;23;20:00;12
19/06/2017;69;19:50;33
20/06/2017;23;22:30;12
21/06/2017;25;19:00;12
22/06/2017;31;21:20;16
23/06/2017;34;18:20;19
24/06/2017;36;17:40;19
25/06/2017;20;11:20;11
26/06/2017;41;15:40;19
27/06/2017;55;15:30;24
28/06/2017;55;15:20;31
29/06/2017;43;15:30;28
30/06/2017;41;15:50;26
01/07/2017;32;17:20;18
02/07/2017;28;17:50;13
03/07/2017;27;17:00;14
04/07/2017;32;20:20;15
05/07/2017;32;19:10;15
06/07/2017;47;17:10;19
07/07/2017;35;16:00;17
08/07/2017;34;14:20;18
09/07/2017;37;21:00;15
10/07/2017;26;17:50;13
11/07/2017;31;17:40;18
12/07/2017;35;14:20;17
13/07/2017;34;17:20;19
14/07/2017;28;14:00;14
15/07/2017;31;17:30;16
16/07/2017;27;19:20;15
17/07/2017;34;19:00;17
18/07/2017;54;17:10;27
19/07/2017;35;18:30;18
20/07/2017;25;19:20;13
21/07/2017;31;17:20;16
22/07/2017;33;16:40;18
23/07/2017;29;20:30;17
24/07/2017;39;16:10;21
25/07/2017;28;16:30;15
26/07/2017;27;20:50;14
27/07/2017;31;16:50;18
28/07/2017;32;17:50;16
29/07/2017;36;15:20;20
30/07/2017;34;17:00;19
31/07/2017;30;16:00;16
01/08/2017;30;17:10;15
02/08/2017;33;19:00;18
03/08/2017;35;17:10;17
04/08/2017;33;16:50;17
05/08/2017;27;14:10;13
06/08/2017;33;16:30;15
07/08/2017;34;18:10;18
08/08/2017;33;15:00;16
09/08/2017;37;16:40;21
10/08/2017;35;18:10;18
11/08/2017;37;13:40;15
12/08/2017;28;18:00;16
13/08/2017;28;18:40;14
14/08/2017;41;20:00;18
15/08/2017;32;16:10;17
16/08/2017;31;16:40;15
17/08/2017;30;18:30;17
18/08/2017;34;17:40;15
19/08/2017;28;19:20;15
20/08/2017;28;16:00;14
21/08/2017;22;19:20;10
22/08/2017;36;17:20;16
23/08/2017;22;16:30;11
24/08/2017;35;18:00;17
25/08/2017;32;18:50;17
26/08/2017;28;16:00;15
27/08/2017;46;15:10;21
28/08/2017;24;14:10;12
29/08/2017;25;19:00;12
30/08/2017;36;18:50;19
31/08/2017;37;17:10;14
01/09/2017;32;16:00;17
02/09/2017;19;14:30;11
03/09/2017;22;18:00;12
04/09/2017;26;14:40;14
05/09/2017;32;16:20;16
06/09/2017;27;18:10;13
07/09/2017;27;19:30;14
08/09/2017;29;17:20;15
09/09/2017;41;20:00;22
10/09/2017;31;12:00;19
11/09/2017;31;15:20;17
12/09/2017;26;17:50;15
13/09/2017;31;19:30;15
14/09/2017;27;9:00;12
15/09/2017;34;14:10;19
16/09/2017;39;15:00;16
17/09/2017;24;17:40;14
18/09/2017;27;15:50;12
19/09/2017;25;15:30;13
20/09/2017;17;19:10;9
21/09/2017;26;17:00;12
22/09/2017;19;15:10;10
23/09/2017;19;15:20;9
24/09/2017;31;15:20;17
25/09/2017;27;18:00;14
26/09/2017;20;20:10;10
27/09/2017;22;18:10;10
28/09/2017;20;19:00;10
29/09/2017;24;17:30;14
30/09/2017;19;17:50;10
01/10/2017;14;19:00;8
02/10/2017;20;19:30;10
03/10/2017;30;17:30;14
04/10/2017;18;18:00;9
05/10/2017;28;13:40;16
06/10/2017;29;16:10;14
07/10/2017;21;17:00;10
08/10/2017;27;17:10;14
09/10/2017;22;18:20;12
10/10/2017;15;19:10;8
11/10/2017;15;18:00;9
12/10/2017;23;18:20;11
13/10/2017;14;16:30;8
14/10/2017;23;14:30;12
15/10/2017;30;15:40;14
16/10/2017;29;13:30;15
17/10/2017;37;14:40;22
18/10/2017;26;15:30;14
19/10/2017;33;15:10;17
20/10/2017;42;15:20;23
21/10/2017;30;1:20;17
22/10/2017;18;18:00;9
23/10/2017;12;19:40;6
24/10/2017;8;12:20;3
25/10/2017;13;14:00;8
26/10/2017;22;19:50;12
27/10/2017;29;16:40;13
28/10/2017;26;16:10;15
29/10/2017;23;15:20;13
30/10/2017;27;14:30;16
31/10/2017;19;19:30;9
01/11/2017;21;13:10;13
02/11/2017;20;14:40;11
03/11/2017;33;15:50;17
04/11/2017;16;18:30;9
05/11/2017;32;12:10;21
06/11/2017;38;13:10;21
07/11/2017;26;23:50;13
08/11/2017;37;13:40;19
09/11/2017;31;15:50;16
10/11/2017;23;15:10;14
11/11/2017;20;12:10;11
12/11/2017;31;16:30;18
13/11/2017;33;12:00;18
14/11/2017;19;15:50;10
15/11/2017;11;1:50;6
16/11/2017;15;18:30;8
17/11/2017;17;17:10;10
18/11/2017;19;15:40;10
19/11/2017;9;10:00;5
20/11/2017;9;6:50;5
21/11/2017;19;21:30;11
22/11/2017;26;21:40;14
23/11/2017;42;12:50;21
24/11/2017;39;3:30;18
25/11/2017;35;1:40;17
26/11/2017;15;17:40;9
27/11/2017;16;17:00;10
28/11/2017;15;16:10;9
29/11/2017;24;13:50;15
30/11/2017;32;21:30;16
01/12/2017;32;0:20;20
02/12/2017;29;5:20;15
03/12/2017;12;3:00;8
04/12/2017;9;9:00;5
05/12/2017;10;14:40;5
06/12/2017;9;15:50;6
07/12/2017;26;20:50;16
08/12/2017;36;5:20;21
09/12/2017;35;22:30;17
10/12/2017;96;23:10;42
11/12/2017;92;1:50;44
12/12/2017;33;14:50;20
13/12/2017;50;21:30;28
14/12/2017;37;0:10;21
15/12/2017;36;14:10;23
16/12/2017;28;14:20;17
17/12/2017;21;13:30;12
18/12/2017;17;23:50;9
19/12/2017;24;14:00;16
20/12/2017;17;20:00;11
21/12/2017;18;16:10;9
22/12/2017;20;15:30;10
23/12/2017;17;13:20;10
24/12/2017;13;5:10;7
25/12/2017;26;14:20;17
26/12/2017;60;23:10;30
27/12/2017;59;0:40;32
28/12/2017;47;17:50;24
29/12/2017;39;14:10;24
30/12/2017;43;4:30;24
31/12/2017;50;10:30;25
01/01/2018;66;15:40;29
02/01/2018;49;6:50;28
03/01/2018;43;20:20;25
04/01/2018;57;14:40;30
05/01/2018;47;5:40;25
06/01/2018;21;23:30;12
07/01/2018;22;16:20;12
08/01/2018;28;22:50;19
09/01/2018;33;14:10;17
10/01/2018;44;17:10;21
11/01/2018;39;4:10;20
12/01/2018;27;17:40;15
13/01/2018;28;0:30;14
14/01/2018;33;0:40;18
15/01/2018;39;19:00;21
16/01/2018;49;13:40;28
17/01/2018;35;0:20;19
18/01/2018;9;22:10;5
19/01/2018;24;17:40;13
20/01/2018;47;9:50;24
21/01/2018;36;16:00;18
22/01/2018;37;4:40;23
23/01/2018;14;16:50;9
24/01/2018;28;13:20;14
25/01/2018;22;8:30;12
26/01/2018;37;15:20;23
27/01/2018;34;1:30;22
28/01/2018;8;0:20;5
29/01/2018;8;10:10;4
30/01/2018;7;11:40;4
31/01/2018;9;11:40;5
01/02/2018;29;14:30;17
02/02/2018;30;18:00;15
03/02/2018;43;13:40;27
04/02/2018;26;14:30;14
05/02/2018;32;15:50;17
06/02/2018;32;3:40;15
07/02/2018;33;15:40;18
08/02/2018;19;12:50;13
09/02/2018;23;20:00;13
10/02/2018;23;16:40;14
11/02/2018;38;13:20;21
12/02/2018;28;12:40;17
13/02/2018;41;15:10;20
14/02/2018;47;15:20;21
15/02/2018;44;12:10;23
16/02/2018;29;11:50;18
17/02/2018;28;15:50;19
18/02/2018;27;18:10;16
19/02/2018;23;15:20;14
20/02/2018;37;12:40;22
21/02/2018;49;5:10;29
22/02/2018;31;13:40;19
23/02/2018;22;16:30;13
24/02/2018;12;13:00;7
25/02/2018;24;16:10;15
26/02/2018;26;16:50;15
27/02/2018;23;14:50;13
28/02/2018;30;20:40;14
01/03/2018;77;21:20;40
02/03/2018;66;0:10;36
03/03/2018;54;11:00;25
04/03/2018;40;10:00;24
05/03/2018;37;16:10;23
06/03/2018;52;12:40;28
07/03/2018;38;12:20;21
08/03/2018;34;16:30;18
09/03/2018;48;23:59;19
10/03/2018;45;7:30;24
11/03/2018;59;13:30;33
12/03/2018;50;17:00;27
13/03/2018;35;3:00;20
14/03/2018;68;17:50;27
15/03/2018;53;18:10;30
16/03/2018;41;13:40;23
17/03/2018;41;13:10;26
18/03/2018;45;14:30;24
19/03/2018;50;9:00;26
20/03/2018;37;20:20;22
21/03/2018;40;17:00;25
22/03/2018;23;14:20;13
23/03/2018;49;21:10;27
24/03/2018;49;10:30;26
25/03/2018;35;13:20;18
26/03/2018;32;18:20;19
27/03/2018;36;14:00;20
28/03/2018;44;19:10;22
29/03/2018;40;16:40;22
30/03/2018;52;5:50;27
31/03/2018;48;3:50;27
01/04/2018;27;17:30;15
02/04/2018;55;20:20;28
03/04/2018;63;12:20;31
04/04/2018;56;3:30;26
05/04/2018;27;18:40;14
06/04/2018;54;22:10;30
07/04/2018;42;0:10;19
08/04/2018;24;19:00;13
09/04/2018;27;11:50;15
10/04/2018;28;6:10;15
11/04/2018;46;14:30;28
12/04/2018;36;13:50;23
13/04/2018;19;16:10;10
14/04/2018;24;17:50;13
15/04/2018;30;13:10;17
16/04/2018;17;12:10;10
17/04/2018;24;12:30;13
18/04/2018;22;15:10;11
19/04/2018;38;16:30;22
20/04/2018;44;19:00;25
21/04/2018;27;16:50;14
22/04/2018;40;19:10;20
23/04/2018;26;20:00;13
24/04/2018;20;22:00;11
25/04/2018;28;15:20;13
26/04/2018;26;15:40;14
27/04/2018;35;15:40;20
28/04/2018;23;19:20;12
29/04/2018;40;15:40;23
30/04/2018;37;13:10;21
01/05/2018;18;17:50;8
02/05/2018;36;11:30;15
03/05/2018;37;12:10;23
04/05/2018;32;14:30;17
05/05/2018;27;16:10;16
06/05/2018;23;20:10;12
07/05/2018;29;17:40;15
08/05/2018;32;18:50;17
09/05/2018;27;18:50;14
10/05/2018;31;13:30;17
11/05/2018;27;18:40;13
12/05/2018;32;16:20;15
13/05/2018;42;17:40;26
14/05/2018;41;17:40;19
15/05/2018;31;14:50;14
16/05/2018;22;16:30;13
17/05/2018;27;14:10;15
18/05/2018;22;19:20;11
19/05/2018;26;13:00;13
20/05/2018;27;17:20;13
21/05/2018;33;15:10;14
22/05/2018;24;17:00;13
23/05/2018;14;18:40;8
24/05/2018;26;17:00;15
25/05/2018;19;5:30;11
26/05/2018;38;14:10;16
27/05/2018;31;17:30;19
28/05/2018;21;17:20;11
29/05/2018;29;18:10;15
30/05/2018;32;16:00;17
31/05/2018;23;16:00;13
01/06/2018;24;16:00;10
02/06/2018;23;18:10;13
03/06/2018;25;15:20;13
04/06/2018;35;16:10;18
05/06/2018;23;12:40;13
06/06/2018;17;11:40;10
07/06/2018;22;14:40;12
08/06/2018;37;17:00;20
09/06/2018;31;21:00;17
10/06/2018;32;13:40;16
11/06/2018;22;17:30;11
12/06/2018;40;14:50;22
13/06/2018;31;12:50;15
14/06/2018;29;15:30;13
15/06/2018;27;17:40;15
16/06/2018;31;19:10;17
17/06/2018;30;17:30;15
18/06/2018;26;13:40;14
19/06/2018;22;20:30;12
20/06/2018;18;21:00;9
21/06/2018;34;17:50;19
22/06/2018;26;16:00;14
23/06/2018;27;19:10;14
24/06/2018;23;20:30;12
25/06/2018;28;19:40;14
26/06/2018;27;23:40;14
27/06/2018;32;15:30;16
28/06/2018;26;19:00;12
29/06/2018;28;17:20;15
30/06/2018;26;12:50;14
01/07/2018;38;23:00;22
02/07/2018;39;16:40;20
03/07/2018;28;19:30;16
04/07/2018;51;15:50;24
05/07/2018;30;18:10;18
06/07/2018;31;20:30;14
07/07/2018;24;16:30;11
08/07/2018;42;20:20;21
09/07/2018;29;17:50;13
10/07/2018;24;16:20;10
11/07/2018;38;15:10;18
12/07/2018;24;18:10;13
13/07/2018;24;18:40;14
14/07/2018;34;18:50;17
15/07/2018;43;18:50;24
16/07/2018;27;18:20;14
17/07/2018;23;18:40;12
18/07/2018;29;16:50;15
19/07/2018;30;17:00;16
20/07/2018;32;17:20;20
21/07/2018;19;16:20;9
22/07/2018;24;19:20;13
23/07/2018;24;20:00;13
24/07/2018;27;19:10;16
25/07/2018;25;19:30;14
26/07/2018;32;16:10;16
27/07/2018;29;17:20;13
28/07/2018;28;16:30;14
29/07/2018;34;17:20;16
30/07/2018;29;18:00;14
31/07/2018;31;15:30;17
01/08/2018;31;18:00;16
02/08/2018;27;18:30;14
03/08/2018;27;14:40;12
04/08/2018;29;15:50;13
05/08/2018;24;16:50;12
06/08/2018;22;23:10;10
07/08/2018;35;1:10;19
08/08/2018;32;18:10;16
09/08/2018;31;18:10;17
10/08/2018;29;18:10;13
11/08/2018;26;19:50;13
12/08/2018;35;16:40;20
13/08/2018;32;15:20;17
14/08/2018;27;18:20;12
15/08/2018;22;18:40;11
16/08/2018;29;18:50;15
17/08/2018;36;14:20;17
18/08/2018;31;16:10;13
19/08/2018;28;16:50;13
20/08/2018;37;13:30;16
21/08/2018;24;18:00;12
22/08/2018;24;17:40;14
23/08/2018;26;17:50;14
24/08/2018;29;17:20;17
25/08/2018;31;16:40;14
26/08/2018;25;19:30;14
27/08/2018;23;19:30;12
28/08/2018;39;19:00;17
29/08/2018;29;16:00;15
30/08/2018;30;15:20;16
31/08/2018;26;17:40;14
01/09/2018;26;17:40;14
02/09/2018;27;19:10;13
03/09/2018;27;16:40;15
04/09/2018;26;15:10;13
05/09/2018;28;18:10;15
06/09/2018;34;16:50;19
07/09/2018;26;16:00;13
08/09/2018;30;18:10;16
09/09/2018;26;16:20;15
10/09/2018;26;16:50;13
11/09/2018;33;18:20;19
12/09/2018;29;19:20;16
13/09/2018;24;16:30;13
14/09/2018;29;17:20;15
15/09/2018;21;20:30;10
16/09/2018;24;18:20;14
17/09/2018;44;18:10;21
18/09/2018;25;19:00;13
19/09/2018;30;18:10;17
20/09/2018;27;16:40;12
21/09/2018;32;17:10;15
22/09/2018;27;18:00;14
23/09/2018;33;18:20;18
24/09/2018;30;15:50;19
25/09/2018;24;16:30;13
26/09/2018;30;16:20;16
27/09/2018;22;11:10;11
28/09/2018;30;14:50;15
29/09/2018;25;15:10;15
30/09/2018;27;19:50;14
01/10/2018;33;16:10;18
02/10/2018;26;18:00;10
03/10/2018;28;15:20;15
04/10/2018;16;16:50;7
05/10/2018;23;15:30;12
06/10/2018;40;16:50;21
07/10/2018;41;17:00;22
08/10/2018;27;0:50;17
09/10/2018;29;19:50;16
10/10/2018;42;15:00;23
11/10/2018;28;17:20;17
12/10/2018;44;14:00;22
13/10/2018;31;17:10;18
14/10/2018;36;7:20;18
15/10/2018;41;14:10;20
16/10/2018;19;17:10;10
17/10/2018;10;17:00;6
18/10/2018;13;18:00;5
19/10/2018;25;14:00;12
20/10/2018;16;13:40;8
21/10/2018;12;14:50;5
22/10/2018;30;14:00;17
23/10/2018;23;13:30;11
24/10/2018;22;16:40;8
25/10/2018;16;18:10;8
26/10/2018;;;
27/10/2018;;;
28/10/2018;;;
29/10/2018;;;
30/10/2018;;;
31/10/2018;;;
01/11/2018;26;20:00;14
02/11/2018;26;15:40;12
03/11/2018;15;14:40;8
04/11/2018;23;18:50;12
05/11/2018;45;23:40;27
06/11/2018;48;11:20;24
07/11/2018;44;7:00;21
08/11/2018;49;20:10;22
09/11/2018;47;15:50;28
10/11/2018;50;1:40;23
11/11/2018;37;7:30;18
12/11/2018;28;0:10;15
13/11/2018;13;0:10;8
14/11/2018;11;14:20;7
15/11/2018;20;15:30;8
16/11/2018;8;7:30;5
17/11/2018;14;13:10;5
18/11/2018;39;17:50;19
19/11/2018;24;0:40;13
20/11/2018;20;10:10;10
21/11/2018;36;14:30;15
22/11/2018;27;1:40;12
23/11/2018;43;12:10;22
24/11/2018;37;15:10;17
25/11/2018;26;5:10;11
26/11/2018;37;13:30;21
27/11/2018;30;15:30;15
28/11/2018;40;14:40;21
29/11/2018;33;13:00;20
30/11/2018;34;11:20;19
01/12/2018;35;22:10;18
02/12/2018;45;15:20;24
03/12/2018;42;12:20;27
04/12/2018;17;19:50;10
05/12/2018;39;16:40;21
06/12/2018;21;15:10;14
07/12/2018;44;13:00;24
08/12/2018;26;21:20;17
09/12/2018;19;2:40;11
10/12/2018;9;2:00;6
11/12/2018;13;22:50;7
12/12/2018;36;23:59;18
13/12/2018;37;4:10;20
14/12/2018;32;14:00;18
15/12/2018;50;20:10;25
16/12/2018;48;12:50;26
17/12/2018;24;2:10;11
18/12/2018;35;15:00;19
19/12/2018;39;15:00;23
20/12/2018;30;12:50;17
21/12/2018;39;16:10;22
22/12/2018;27;1:00;14
23/12/2018;18;20:20;8
24/12/2018;10;12:00;6
25/12/2018;11;12:10;6
26/12/2018;20;13:00;11
27/12/2018;10;5:30;8
28/12/2018;8;10:20;5
29/12/2018;22;13:40;13
30/12/2018;10;0:50;5
31/12/2018;7;23:20;4
01/01/2019;21;18:50;10
02/01/2019;30;12:50;14
03/01/2019;10;2:30;5
04/01/2019;11;19:00;5
05/01/2019;8;18:20;4
06/01/2019;22;17:50;11
07/01/2019;24;14:50;14
08/01/2019;14;0:30;9
09/01/2019;32;14:20;18
10/01/2019;31;15:10;15
11/01/2019;18;15:00;12
12/01/2019;18;13:30;11
13/01/2019;10;13:40;6
14/01/2019;15;17:20;6
15/01/2019;12;17:00;6
16/01/2019;45;16:30;23
17/01/2019;21;17:20;13
18/01/2019;31;23:10;17
19/01/2019;33;2:20;19
20/01/2019;27;16:00;18
21/01/2019;28;12:30;15
22/01/2019;35;13:10;19
23/01/2019;50;9:50;26
24/01/2019;30;0:10;14
25/01/2019;43;14:20;26
26/01/2019;28;12:50;14
27/01/2019;50;11:20;25
28/01/2019;50;12:40;30
29/01/2019;53;17:40;32
30/01/2019;45;18:00;26
31/01/2019;64;20:30;32
01/02/2019;67;10:20;31
02/02/2019;51;14:00;28
03/02/2019;36;2:30;18
04/02/2019;26;15:30;14
05/02/2019;9;13:50;5
06/02/2019;28;16:20;15
07/02/2019;27;15:00;15
08/02/2019;35;14:50;22
09/02/2019;46;23:59;26
10/02/2019;44;0:10;27
11/02/2019;26;17:30;15
12/02/2019;14;17:00;8
13/02/2019;25;16:40;14
14/02/2019;34;14:00;18
15/02/2019;21;15:40;13
16/02/2019;26;18:00;13
17/02/2019;28;15:30;13
18/02/2019;23;13:10;12
19/02/2019;14;6:00;6
20/02/2019;22;12:00;11
21/02/2019;18;16:00;11
22/02/2019;17;17:10;9
23/02/2019;28;15:20;18
24/02/2019;16;15:50;9
25/02/2019;14;16:30;8
26/02/2019;24;16:50;15
27/02/2019;20;17:30;10
28/02/2019;28;15:50;15
01/03/2019;20;17:20;13
02/03/2019;23;18:20;12
03/03/2019;46;13:50;25
04/03/2019;55;3:40;26
05/03/2019;49;11:20;26
06/03/2019;74;15:20;36
07/03/2019;38;13:40;20
08/03/2019;28;1:30;15
09/03/2019;21;17:00;11
10/03/2019;26;20:50;16
11/03/2019;22;2:00;14
12/03/2019;31;14:10;17
13/03/2019;37;15:10;21
14/03/2019;27;18:00;16
15/03/2019;23;18:10;12
16/03/2019;41;17:10;24
17/03/2019;33;5:00;15
18/03/2019;27;15:40;16
19/03/2019;31;14:50;18
20/03/2019;35;13:40;19
21/03/2019;24;11:30;13
22/03/2019;17;21:00;8
23/03/2019;27;18:30;14
24/03/2019;30;17:40;15
25/03/2019;33;17:20;17
26/03/2019;38;15:40;21
27/03/2019;31;17:20;16
28/03/2019;24;14:10;12
29/03/2019;30;13:40;16
30/03/2019;24;11:40;13
31/03/2019;31;23:10;17
01/04/2019;35;1:30;18
02/04/2019;31;17:50;18
03/04/2019;52;18:10;28
04/04/2019;44;15:20;22
05/04/2019;30;15:00;18
06/04/2019;50;19:00;24
07/04/2019;45;21:20;23
08/04/2019;26;16:00;13
09/04/2019;35;16:00;21
10/04/2019;38;15:30;19
11/04/2019;31;17:20;19
12/04/2019;22;16:10;12
13/04/2019;28;18:00;14
14/04/2019;21;14:10;11
15/04/2019;49;16:40;26
16/04/2019;25;19:30;14
17/04/2019;43;22:00;23
18/04/2019;33;3:20;17
19/04/2019;54;5:20;26
20/04/2019;28;16:00;14
21/04/2019;18;16:40;10
22/04/2019;27;13:00;12
23/04/2019;42;14:10;21
24/04/2019;50;18:40;23
25/04/2019;68;18:30;31
26/04/2019;41;7:30;21
27/04/2019;28;16:30;17
28/04/2019;23;19:30;13
29/04/2019;21;19:40;13
30/04/2019;22;16:40;13
01/05/2019;33;16:30;20
02/05/2019;25;17:30;14
03/05/2019;31;13:40;16
04/05/2019;35;18:00;21
05/05/2019;29;11:40;14
06/05/2019;20;19:40;12
07/05/2019;49;17:20;23
08/05/2019;63;15:50;34
09/05/2019;38;4:50;21
10/05/2019;44;10:50;24
11/05/2019;29;17:30;15
12/05/2019;32;17:30;15
13/05/2019;31;14:40;16
14/05/2019;24;19:40;13
15/05/2019;29;15:40;13
16/05/2019;31;16:30;16
17/05/2019;38;9:30;22
18/05/2019;28;20:40;17
19/05/2019;30;12:30;16
20/05/2019;24;18:10;13
21/05/2019;27;17:20;14
22/05/2019;19;17:20;9
23/05/2019;28;18:50;14
24/05/2019;34;13:00;19
25/05/2019;33;16:10;17
26/05/2019;28;17:30;15
27/05/2019;30;19:10;15
28/05/2019;38;17:30;19
29/05/2019;22;18:10;14
30/05/2019;23;16:20;11
31/05/2019;17;17:10;8
01/06/2019;22;12:30;10
02/06/2019;26;18:20;13
03/06/2019;27;19:20;14
04/06/2019;44;14:40;24
05/06/2019;30;16:10;15
06/06/2019;49;22:30;27
07/06/2019;53;0:40;28
08/06/2019;31;17:50;15
09/06/2019;37;17:10;21
10/06/2019;24;18:30;12
11/06/2019;45;17:50;19
12/06/2019;41;14:50;17
13/06/2019;35;18:00;17
14/06/2019;32;18:50;18
15/06/2019;30;19:20;14
16/06/2019;27;17:20;14
17/06/2019;24;16:10;10
18/06/2019;;;
19/06/2019;;;
20/06/2019;31;18:00;16
21/06/2019;22;22:10;12
22/06/2019;27;20:30;12
23/06/2019;26;19:50;13
24/06/2019;31;15:20;13
25/06/2019;29;19:10;15
26/06/2019;55;22:40;26
27/06/2019;53;14:50;31
28/06/2019;24;18:30;12
29/06/2019;35;20:30;19
30/06/2019;32;19:30;18
01/07/2019;36;16:00;18
02/07/2019;30;18:30;16
03/07/2019;35;20:10;19
04/07/2019;27;22:40;16
05/07/2019;29;18:10;15
06/07/2019;32;19:00;16
07/07/2019;35;17:30;19
08/07/2019;28;19:00;14
09/07/2019;33;17:10;19
10/07/2019;27;17:30;13
11/07/2019;30;18:30;14
12/07/2019;28;19:00;13
13/07/2019;69;16:00;28
14/07/2019;32;19:20;17
15/07/2019;27;14:10;15
16/07/2019;30;17:40;15
17/07/2019;32;16:10;14
18/07/2019;30;17:30;16
19/07/2019;26;19:40;13
20/07/2019;31;19:20;17
21/07/2019;32;19:10;17
22/07/2019;29;19:00;16
23/07/2019;59;18:10;31
24/07/2019;47;17:40;16
25/07/2019;42;18:40;22
26/07/2019;28;7:40;13
27/07/2019;24;18:00;13
28/07/2019;23;20:10;13
29/07/2019;42;17:10;22
30/07/2019;33;17:40;18
31/07/2019;24;19:50;12
01/08/2019;26;5:10;14
02/08/2019;25;16:00;13
03/08/2019;32;19:40;17
04/08/2019;32;18:10;17
05/08/2019;30;17:50;17
06/08/2019;33;17:10;17
07/08/2019;42;19:50;24
08/08/2019;41;14:40;21
09/08/2019;47;12:50;24
10/08/2019;30;16:40;17
11/08/2019;29;17:40;18
12/08/2019;35;18:10;15
13/08/2019;31;17:50;14
14/08/2019;31;16:50;15
15/08/2019;28;18:50;16
16/08/2019;28;18:40;14
17/08/2019;32;16:20;16
18/08/2019;36;16:40;15
19/08/2019;24;14:10;13
20/08/2019;30;15:20;14
21/08/2019;33;17:50;15
22/08/2019;27;18:30;12
23/08/2019;19;20:20;9
24/08/2019;30;20:00;15
25/08/2019;30;16:50;15
26/08/2019;51;19:50;17
27/08/2019;24;18:10;10
28/08/2019;30;18:00;10
29/08/2019;28;18:10;14
30/08/2019;29;19:50;15
31/08/2019;32;16:40;17
01/09/2019;26;18:30;14
02/09/2019;27;13:10;12
03/09/2019;27;17:40;13
04/09/2019;29;17:30;14
05/09/2019;32;17:40;18
06/09/2019;30;17:20;13
07/09/2019;33;17:20;14
08/09/2019;29;14:20;14
09/09/2019;30;18:00;15
10/09/2019;44;17:20;20
11/09/2019;30;17:30;15
12/09/2019;23;19:40;12
13/09/2019;42;16:10;24
14/09/2019;37;16:40;18
15/09/2019;41;15:00;23
16/09/2019;17;16:00;7
17/09/2019;23;18:10;10
18/09/2019;42;2:50;21
19/09/2019;18;18:40;9
20/09/2019;58;21:00;22
21/09/2019;41;1:50;22
22/09/2019;39;11:30;19
23/09/2019;34;14:20;18
24/09/2019;45;12:20;24
25/09/2019;21;19:00;9
26/09/2019;28;16:20;16
27/09/2019;31;18:00;17
28/09/2019;21;19:10;11
29/09/2019;39;14:20;19
30/09/2019;22;15:40;7
01/11/2019;43;23:00;24
02/11/2019;46;14:00;24
03/11/2019;65;4:00;35
04/11/2019;65;9:40;34
05/11/2019;47;8:30;23
06/11/2019;36;12:00;19
07/11/2019;44;15:40;23
08/11/2019;46;13:30;27
09/11/2019;48;13:40;28
10/11/2019;45;0:40;26
11/11/2019;36;12:30;19
12/11/2019;29;14:10;17
13/11/2019;44;23:30;23
14/11/2019;44;0:20;23
15/11/2019;39;11:30;23
16/11/2019;38;13:30;21
17/11/2019;37;5:30;18
18/11/2019;29;11:20;15
19/11/2019;22;17:50;12
20/11/2019;26;13:20;13
21/11/2019;27;5:00;15
22/11/2019;42;21:50;22
23/11/2019;52;10:30;28
24/11/2019;36;17:00;21
25/11/2019;36;22:50;18
26/11/2019;66;21:20;37
27/11/2019;54;2:50;28
28/11/2019;41;0:40;19
29/11/2019;29;2:30;17
30/11/2019;30;14:50;13
01/12/2019;19;3:00;9
02/12/2019;28;17:40;15
03/12/2019;15;14:40;9
04/12/2019;23;20:30;13
05/12/2019;21;6:30;12
06/12/2019;9;9:00;5
07/12/2019;8;12:30;5
08/12/2019;31;15:10;18
09/12/2019;37;9:30;22
10/12/2019;30;15:30;15
11/12/2019;37;21:20;20
12/12/2019;51;13:40;23
13/12/2019;52;23:40;28
14/12/2019;48;0:40;26
15/12/2019;41;0:30;19
16/12/2019;44;15:50;21
17/12/2019;37;0:40;20
18/12/2019;37;5:30;19
19/12/2019;45;20:10;26
20/12/2019;55;2:10;30
21/12/2019;89;14:30;42
22/12/2019;70;2:10;34
23/12/2019;33;4:50;16
24/12/2019;33;3:30;18
25/12/2019;22;19:10;17
26/12/2019;39;2:20;22
27/12/2019;12;21:30;7
28/12/2019;10;0:20;6
29/12/2019;8;11:30;4
30/12/2019;;;
31/12/2019;10;5:40;6
01/01/2020;10;9:20;7
02/01/2020;21;14:30;13
03/01/2020;20;1:20;8
04/01/2020;15;16:20;10
05/01/2020;9;6:00;6
06/01/2020;10;15:40;5
07/01/2020;9;7:20;5
08/01/2020;17;18:10;11
09/01/2020;29;14:20;17
10/01/2020;23;15:40;13
11/01/2020;12;1:20;9
12/01/2020;8;8:20;5
13/01/2020;38;17:10;22
14/01/2020;53;15:50;28
15/01/2020;25;0:20;14
16/01/2020;38;22:30;18
17/01/2020;44;1:00;20
18/01/2020;28;18:40;16
19/01/2020;46;21:50;24
20/01/2020;42;1:20;18
21/01/2020;27;9:30;12
22/01/2020;15;2:40;8
23/01/2020;22;15:20;13
24/01/2020;14;10:10;7
25/01/2020;26;16:00;11
26/01/2020;34;21:00;18
27/01/2020;50;21:00;24
28/01/2020;40;14:30;23
29/01/2020;36;16:10;19
30/01/2020;48;13:00;25
31/01/2020;34;15:00;18
01/02/2020;36;6:40;21
02/02/2020;39;10:10;19
03/02/2020;40;21:40;21
04/02/2020;27;15:40;18
05/02/2020;25;14:20;12
06/02/2020;26;16:00;13
07/02/2020;21;10:30;11
08/02/2020;9;3:00;5
09/02/2020;36;23:59;19
10/02/2020;50;16:00;28
11/02/2020;35;5:00;17
12/02/2020;13;5:10;7
13/02/2020;43;12:40;23
14/02/2020;21;9:50;12
15/02/2020;33;16:30;19
16/02/2020;62;10:40;33
17/02/2020;32;0:20;15
18/02/2020;21;16:50;12
19/02/2020;9;14:10;5
20/02/2020;20;10:40;12
21/02/2020;12;13:30;7
22/02/2020;15;18:10;9
23/02/2020;12;18:00;6
24/02/2020;14;17:40;8
25/02/2020;31;16:20;19
26/02/2020;40;13:20;23
27/02/2020;58;8:10;34
28/02/2020;29;20:20;14
29/02/2020;57;15:00;27
01/03/2020;64;16:50;32
02/03/2020;91;4:40;42
03/03/2020;67;12:10;38
04/03/2020;41;14:50;21
08/03/2020;33;15:40;19
09/03/2020;31;10:10;19
10/03/2020;27;13:40;13
11/03/2020;22;17:10;13
12/03/2020;23;14:00;14
13/03/2020;22;11:40;13
14/03/2020;16;18:10;9
15/03/2020;31;18:10;18
16/03/2020;28;17:30;13
17/03/2020;19;6:30;10
18/03/2020;19;13:30;9
19/03/2020;27;17:40;14
20/03/2020;40;16:10;17
21/03/2020;21;16:30;12
22/03/2020;29;16:20;17
23/03/2020;24;16:40;12
24/03/2020;27;12:00;14
25/03/2020;27;16:30;19
26/03/2020;38;14:30;21
27/03/2020;20;15:40;11
28/03/2020;22;18:10;12
29/03/2020;29;17:20;19
30/03/2020;31;12:10;19
31/03/2020;43;22:40;21
01/04/2020;37;0:40;19
02/04/2020;34;17:20;21
03/04/2020;16;19:50;8
04/04/2020;42;22:20;20
05/04/2020;34;14:10;17
06/04/2020;31;12:10;15
07/04/2020;37;17:20;16
08/04/2020;22;14:50;13
09/04/2020;32;16:30;18
10/04/2020;23;18:00;13
11/04/2020;23;17:00;13
12/04/2020;32;17:40;18
13/04/2020;23;20:00;12
14/04/2020;27;19:10;13
15/04/2020;53;13:20;30
16/04/2020;36;1:20;18
17/04/2020;51;16:50;26
18/04/2020;30;15:20;17
19/04/2020;13;15:30;7
20/04/2020;22;14:10;12
21/04/2020;19;18:10;9
22/04/2020;16;17:00;9
23/04/2020;22;15:50;10
24/04/2020;19;18:50;10
25/04/2020;44;16:40;19
26/04/2020;28;19:00;14
27/04/2020;32;17:10;19
28/04/2020;47;14:00;24
29/04/2020;48;13:00;28
30/04/2020;45;13:40;24
01/05/2020;48;15:00;25
02/05/2020;39;4:10;23
03/05/2020;17;20:50;9
04/05/2020;46;21:10;22
05/05/2020;33;12:50;19
06/05/2020;23;19:50;12
07/05/2020;35;22:10;16
08/05/2020;30;13:00;15
09/05/2020;24;15:00;12
10/05/2020;34;14:30;20
11/05/2020;29;12:40;18
12/05/2020;21;21:10;11
13/05/2020;14;20:30;7
14/05/2020;24;18:40;11
15/05/2020;27;20:10;15
16/05/2020;30;18:30;13
17/05/2020;26;19:10;14
18/05/2020;24;18:30;12
19/05/2020;26;14:20;13
20/05/2020;24;18:10;11
21/05/2020;13;18:30;6
22/05/2020;31;19:10;15
23/05/2020;27;14:10;14
24/05/2020;26;13:00;12
25/05/2020;24;14:30;12
26/05/2020;28;14:40;16
27/05/2020;24;19:30;13
28/05/2020;18;13:20;9
29/05/2020;26;16:50;12
30/05/2020;17;21:50;8
31/05/2020;23;17:40;12
01/06/2020;20;20:10;12
02/06/2020;18;15:40;9
03/06/2020;26;15:50;11
04/06/2020;40;16:00;23
05/06/2020;28;18:30;14
06/06/2020;32;16:30;16
07/06/2020;23;19:20;12
08/06/2020;36;19:20;18
09/06/2020;27;17:10;14
10/06/2020;22;17:10;11
11/06/2020;36;15:30;19
12/06/2020;43;12:30;21
13/06/2020;40;17:00;21
14/06/2020;33;14:10;18
15/06/2020;29;20:20;14
16/06/2020;47;15:50;18
17/06/2020;30;18:10;16
18/06/2020;28;18:40;13
19/06/2020;31;18:20;13
20/06/2020;27;17:50;14
21/06/2020;32;19:50;16
22/06/2020;24;17:00;11
23/06/2020;19;19:10;11
24/06/2020;44;18:10;20
25/06/2020;29;13:40;16
26/06/2020;34;16:50;17
27/06/2020;36;12:10;18
28/06/2020;29;16:50;15
29/06/2020;26;18:50;13
30/06/2020;31;19:40;15
01/07/2020;28;16:10;15
02/07/2020;27;15:30;14
03/07/2020;30;17:10;14
04/07/2020;28;17:20;15
05/07/2020;32;18:00;16
06/07/2020;35;15:40;21
07/07/2020;26;18:30;14
08/07/2020;28;19:20;11
09/07/2020;36;19:00;16
10/07/2020;25;17:10;16
11/07/2020;27;16:30;13
12/07/2020;31;17:50;18
13/07/2020;28;17:10;15
14/07/2020;31;18:00;17
15/07/2020;26;12:50;13
16/07/2020;31;15:20;15
17/07/2020;31;18:10;14
18/07/2020;25;21:00;13
19/07/2020;37;19:00;16
20/07/2020;31;20:00;17
21/07/2020;26;19:30;12
22/07/2020;29;17:40;15
23/07/2020;28;19:00;16
24/07/2020;29;18:50;16
25/07/2020;31;18:20;16
27/07/2020;36;17:50;16
28/07/2020;24;16:40;13
29/07/2020;25;18:40;13
30/07/2020;50;18:40;23
31/07/2020;28;18:50;16
01/08/2020;33;17:20;16
02/08/2020;29;16:30;17
03/08/2020;28;14:50;16
04/08/2020;28;19:20;13
05/08/2020;30;19:00;15
06/08/2020;29;19:00;15
07/08/2020;44;16:10;24
08/08/2020;36;21:10;18
09/08/2020;35;18:40;21
10/08/2020;36;17:20;14
11/08/2020;50;15:00;22
12/08/2020;50;18:50;25
13/08/2020;30;18:30;16
14/08/2020;27;19:40;15
15/08/2020;38;17:50;19
16/08/2020;39;16:00;20
17/08/2020;30;13:50;17
18/08/2020;25;15:40;15
19/08/2020;43;13:50;19
20/08/2020;35;23:10;19
21/08/2020;36;17:10;20
22/08/2020;36;17:40;14
23/08/2020;28;18:20;13
24/08/2020;21;11:50;10
25/08/2020;31;19:10;15
26/08/2020;31;18:20;13
27/08/2020;34;17:20;17
28/08/2020;24;13:20;14
29/08/2020;35;17:00;21
30/08/2020;30;19:10;13
31/08/2020;23;18:50;11
01/09/2020;29;17:10;15
02/09/2020;32;13:00;11
03/09/2020;15;20:10;8
04/09/2020;23;13:50;10
05/09/2020;29;17:40;14
06/09/2020;26;16:10;11
07/09/2020;32;16:20;13
08/09/2020;24;19:10;10
09/09/2020;25;18:20;12
10/09/2020;29;16:40;15
11/09/2020;28;16:00;14
12/09/2020;29;16:50;13
13/09/2020;24;18:00;13
14/09/2020;31;19:10;17
15/09/2020;35;2:30;18
16/09/2020;22;19:50;11
17/09/2020;38;21:30;18
18/09/2020;39;2:00;18
19/09/2020;24;16:10;11
20/09/2020;23;16:00;11
21/09/2020;20;17:10;9
22/09/2020;24;18:00;13
23/09/2020;35;11:30;18
24/09/2020;48;16:40;26
25/09/2020;46;6:40;24
26/09/2020;48;22:30;27
27/09/2020;29;16:10;16
28/09/2020;20;17:40;9
29/09/2020;13;14:30;6
30/09/2020;31;16:40;17
01/10/2020;47;23:50;18
02/10/2020;71;4:40;33
03/10/2020;51;2:40;29
04/10/2020;37;5:30;18
05/10/2020;36;17:20;18
06/10/2020;42;11:20;25
07/10/2020;23;18:20;13
08/10/2020;15;11:40;9
09/10/2020;26;16:30;13
10/10/2020;32;15:10;15
11/10/2020;34;14:30;21
12/10/2020;22;13:20;12
13/10/2020;27;2:30;15
14/10/2020;32;13:00;18
15/10/2020;31;14:30;16
16/10/2020;12;15:00;7
17/10/2020;20;17:20;13
18/10/2020;11;16:50;6
19/10/2020;36;18:10;18
20/10/2020;55;16:50;27
21/10/2020;55;0:30;28
22/10/2020;38;19:20;17
23/10/2020;38;13:40;21
24/10/2020;49;13:00;27
25/10/2020;54;13:40;28
26/10/2020;35;10:10;21
27/10/2020;46;21:20;26
28/10/2020;29;0:10;19
29/10/2020;19;14:00;10
30/10/2020;30;13:10;17
31/10/2020;35;13:50;20
01/11/2020;31;8:50;17
02/11/2020;38;7:00;20
03/11/2020;31;16:40;16
04/11/2020;34;15:30;18
05/11/2020;41;23:20;21
06/11/2020;59;16:40;32
07/11/2020;50;1:30;31
08/11/2020;30;18:40;17
09/11/2020;26;15:20;15
10/11/2020;14;13:20;6
11/11/2020;33;14:50;20
12/11/2020;24;16:20;13
13/11/2020;22;22:10;12
14/11/2020;28;11:10;15
15/11/2020;49;14:10;24
16/11/2020;18;15:50;12
17/11/2020;18;19:10;10
18/11/2020;24;11:20;14
19/11/2020;25;15:30;13
20/11/2020;19;15:50;11
21/11/2020;7;1:30;5
22/11/2020;8;18:30;4
23/11/2020;6;13:00;4
24/11/2020;21;15:10;12
25/11/2020;12;7:10;8
26/11/2020;42;18:10;22
27/11/2020;32;4:20;15
28/11/2020;23;16:20;13
29/11/2020;8;10:20;5
30/11/2020;9;18:00;5
01/12/2020;11;23:59;6
02/12/2020;29;15:00;14
03/12/2020;62;22:30;30
04/12/2020;62;0:20;27
05/12/2020;43;13:00;23
06/12/2020;40;4:00;25
07/12/2020;51;14:20;24
08/12/2020;45;3:20;23
09/12/2020;37;20:00;21
10/12/2020;41;4:30;21
11/12/2020;37;4:10;21
12/12/2020;34;13:20;19
13/12/2020;35;16:40;18
14/12/2020;27;2:20;15
15/12/2020;36;12:10;19
16/12/2020;30;0:30;17
17/12/2020;24;13:00;13
18/12/2020;26;13:50;15
19/12/2020;25;5:20;10
20/12/2020;27;20:00;15
21/12/2020;36;3:00;18
22/12/2020;25;4:20;12
23/12/2020;32;13:30;17
24/12/2020;22;18:00;13
25/12/2020;30;14:20;16
26/12/2020;19;0:20;12
27/12/2020;68;22:40;35
28/12/2020;50;13:10;27
29/12/2020;37;12:40;23
30/12/2020;33;1:40;17
31/12/2020;44;14:10;25
01/01/2021;43;16:00;25
02/01/2021;33;1:00;18
03/01/2021;32;14:10;18
04/01/2021;34;9:30;19
05/01/2021;19;12:40;12
06/01/2021;12;15:30;7
07/01/2021;10;8:00;7
08/01/2021;15;16:30;7
09/01/2021;16;16:00;8
10/01/2021;30;19:50;14
11/01/2021;27;9:30;14
12/01/2021;17;14:10;10
13/01/2021;9;13:30;6
14/01/2021;14;9:40;8
15/01/2021;28;13:50;16
16/01/2021;13;18:30;8
17/01/2021;10;16:50;6
18/01/2021;23;13:50;13
19/01/2021;29;16:40;20
20/01/2021;50;14:00;23
21/01/2021;60;16:30;32
22/01/2021;64;7:30;34
23/01/2021;55;4:50;29
24/01/2021;53;0:30;27
25/01/2021;31;0:20;18
26/01/2021;28;15:20;18
27/01/2021;29;16:50;19
28/01/2021;56;15:20;27
29/01/2021;42;1:50;24
30/01/2021;60;12:00;32
31/01/2021;;;
01/02/2021;;;
02/02/2021;;;
03/02/2021;;;
04/02/2021;;;
05/02/2021;;;
06/02/2021;;;
07/02/2021;;;
08/02/2021;;;
09/02/2021;;;
10/02/2021;;;
11/02/2021;;;
12/02/2021;35;14:50;21
13/02/2021;10;15:50;6
14/02/2021;33;14:10;20
15/02/2021;40;15:10;21
16/02/2021;37;12:40;20
17/02/2021;34;14:30;15
18/02/2021;53;12:20;28
19/02/2021;52;13:40;23
20/02/2021;48;23:59;23
21/02/2021;54;20:20;24
22/02/2021;53;0:30;27
23/02/2021;29;14:20;17
24/02/2021;34;14:40;18
25/02/2021;17;13:50;10
26/02/2021;20;15:50;11
27/02/2021;26;16:20;17
28/02/2021;47;21:00;25
01/03/2021;41;12:10;23
02/03/2021;28;16:40;15
03/03/2021;17;17:30;11
04/03/2021;23;18:10;13
05/03/2021;23;15:40;14
06/03/2021;21;19:00;11
07/03/2021;18;17:20;11
08/03/2021;27;17:00;16
09/03/2021;26;14:30;15
10/03/2021;30;16:10;17
11/03/2021;54;11:30;31
12/03/2021;26;15:50;15
13/03/2021;35;12:10;19
14/03/2021;33;13:10;18
15/03/2021;31;17:30;17
16/03/2021;31;14:10;14
17/03/2021;37;14:50;18
18/03/2021;39;14:50;20
19/03/2021;44;13:50;26
20/03/2021;44;16:40;30
21/03/2021;27;2:10;17
22/03/2021;26;17:10;13
23/03/2021;21;17:30;11
24/03/2021;31;18:00;17
25/03/2021;14;11:00;9
26/03/2021;32;16:50;19
27/03/2021;24;1:40;14
28/03/2021;24;19:10;13
29/03/2021;33;18:30;18
30/03/2021;24;0:30;10
31/03/2021;38;21:30;14
01/04/2021;25;13:50;12
02/04/2021;26;18:30;14
03/04/2021;35;19:20;18
04/04/2021;24;17:30;13
05/04/2021;27;19:50;14
06/04/2021;31;16:00;16
07/04/2021;35;10:40;16
08/04/2021;36;11:00;18
09/04/2021;33;15:00;18
10/04/2021;45;19:50;19
11/04/2021;31;21:00;17
12/04/2021;22;16:30;12
13/04/2021;14;23:00;6
14/04/2021;26;15:40;15
15/04/2021;28;17:30;14
16/04/2021;31;17:10;14
17/04/2021;28;19:00;17
18/04/2021;23;20:50;12
19/04/2021;26;16:50;12
20/04/2021;27;18:20;14
21/04/2021;24;23:00;13
22/04/2021;31;15:00;14
23/04/2021;39;13:30;23
24/04/2021;36;15:20;21
25/04/2021;36;0:30;21
26/04/2021;22;17:30;13
27/04/2021;19;16:10;11
28/04/2021;25;16:40;14
29/04/2021;17;14:20;9
30/04/2021;23;13:30;14
01/05/2021;28;16:10;15
02/05/2021;32;16:00;15
03/05/2021;30;20:10;11
04/05/2021;32;16:50;16
05/05/2021;27;19:00;13
06/05/2021;36;17:10;19
07/05/2021;22;19:10;12
08/05/2021;28;15:10;11
09/05/2021;53;15:40;27
10/05/2021;49;19:30;26
11/05/2021;38;16:00;20
12/05/2021;51;14:10;27
13/05/2021;42;12:10;23
14/05/2021;36;18:40;17
15/05/2021;42;8:00;23
16/05/2021;35;0:50;16
17/05/2021;27;19:50;14
18/05/2021;36;15:40;19
19/05/2021;27;16:00;14
20/05/2021;26;19:40;14
21/05/2021;28;14:30;14
22/05/2021;32;14:20;14
23/05/2021;31;19:00;17
24/05/2021;34;9:30;17
25/05/2021;30;18:10;14
26/05/2021;26;18:10;12
27/05/2021;27;19:50;13
28/05/2021;29;19:40;15
29/05/2021;39;20:10;18
30/05/2021;30;20:20;14
31/05/2021;38;20:20;16
01/06/2021;42;17:00;16
02/06/2021;15;14:20;9
03/06/2021;24;18:00;13
04/06/2021;21;17:30;11
05/06/2021;26;16:50;13
06/06/2021;33;14:30;15
07/06/2021;26;17:20;12
08/06/2021;28;18:00;12
09/06/2021;26;18:10;15
10/06/2021;26;18:00;14
11/06/2021;31;16:20;16
12/06/2021;30;18:10;15
13/06/2021;34;19:40;14
14/06/2021;28;15:20;13
15/06/2021;48;20:00;23
16/06/2021;29;20:00;16
17/06/2021;36;0:10;17
18/06/2021;41;18:30;21
19/06/2021;35;15:20;17
20/06/2021;49;14:50;25
21/06/2021;43;15:30;22
22/06/2021;31;17:10;19
23/06/2021;30;16:10;16
24/06/2021;26;19:30;13
25/06/2021;29;16:30;12
26/06/2021;33;17:40;18
27/06/2021;29;15:30;16
28/06/2021;37;15:30;20
29/06/2021;30;20:00;15
30/06/2021;27;18:10;13
01/07/2021;30;17:20;15
02/07/2021;32;17:40;14
03/07/2021;33;13:40;14
04/07/2021;37;18:00;18
05/07/2021;49;18:50;26
06/07/2021;38;14:50;19
07/07/2021;39;13:40;22
08/07/2021;26;20:00;13
09/07/2021;28;19:00;14
10/07/2021;30;18:10;15
11/07/2021;36;19:30;16
12/07/2021;32;15:50;19
13/07/2021;33;18:40;18
14/07/2021;26;18:10;11
15/07/2021;29;15:50;13
16/07/2021;27;18:30;13
17/07/2021;28;17:30;14
18/07/2021;30;18:20;15
19/07/2021;29;15:40;12
20/07/2021;35;18:20;17
21/07/2021;28;19:30;16
22/07/2021;33;16:00;16
23/07/2021;46;14:40;24
24/07/2021;31;17:20;12
25/07/2021;31;17:30;13
26/07/2021;28;16:50;12
27/07/2021;33;17:40;16
28/07/2021;30;18:00;14
29/07/2021;33;18:00;18
30/07/2021;31;18:00;15
31/07/2021;33;16:40;16
01/08/2021;27;18:30;13
02/08/2021;27;14:50;14
03/08/2021;28;18:30;13
04/08/2021;31;19:10;17
05/08/2021;51;17:50;23
06/08/2021;33;18:40;15
07/08/2021;31;15:10;15
08/08/2021;30;19:30;15
09/08/2021;30;19:30;16
10/08/2021;32;19:40;16
11/08/2021;30;18:30;14
12/08/2021;43;16:30;19
13/08/2021;26;18:40;13
14/08/2021;36;17:50;18
15/08/2021;33;17:50;17
16/08/2021;31;16:50;15
17/08/2021;33;18:10;13
18/08/2021;26;17:40;13
19/08/2021;25;20:00;13
20/08/2021;23;20:40;14
21/08/2021;30;17:00;14
22/08/2021;30;16:00;15
23/08/2021;32;19:20;13
24/08/2021;35;13:10;15
25/08/2021;27;19:50;14
26/08/2021;27;18:20;11
27/08/2021;28;18:40;14
28/08/2021;34;18:50;18
29/08/2021;26;20:00;13
30/08/2021;27;17:30;13
31/08/2021;25;19:10;11
01/09/2021;30;18:40;16
02/09/2021;45;17:00;22
03/09/2021;21;19:40;10
04/09/2021;32;17:10;13
05/09/2021;22;20:00;10
06/09/2021;28;15:50;13
07/09/2021;45;14:40;22
08/09/2021;38;14:40;19
09/09/2021;44;21:40;17
10/09/2021;18;15:30;10
11/09/2021;15;21:50;6
12/09/2021;20;19:20;11
13/09/2021;48;18:50;22
14/09/2021;31;7:50;18
15/09/2021;26;19:10;15
16/09/2021;21;19:20;10
17/09/2021;26;17:20;14
18/09/2021;22;17:20;11
19/09/2021;26;18:10;10
20/09/2021;25;15:10;14
21/09/2021;30;16:00;15
22/09/2021;26;17:50;11
23/09/2021;24;17:30;13
24/09/2021;30;14:10;18
25/09/2021;46;19:40;22
26/09/2021;32;12:00;18
27/09/2021;35;10:10;20
28/09/2021;23;18:10;13
29/09/2021;22;17:30;11
30/09/2021;22;18:20;10
01/10/2021;17;18:50;8
02/10/2021;33;19:50;16
03/10/2021;53;7:10;24
04/10/2021;27;14:30;13
05/10/2021;40;11:40;24
06/10/2021;18;18:30;9
07/10/2021;22;18:50;13
08/10/2021;21;16:50;11
09/10/2021;29;16:50;13
10/10/2021;22;15:40;10
11/10/2021;22;14:20;11
12/10/2021;19;15:40;8
13/10/2021;29;16:00;12
14/10/2021;22;17:20;13
15/10/2021;23;18:40;12
16/10/2021;8;7:20;4
17/10/2021;30;4:30;14
18/10/2021;19;14:20;9
19/10/2021;29;22:00;15
20/10/2021;39;18:30;20
21/10/2021;23;0:20;14
22/10/2021;22;18:10;12
23/10/2021;10;2:20;5
24/10/2021;26;15:00;13
25/10/2021;24;16:50;13
26/10/2021;13;19:20;7
27/10/2021;9;16:40;5
28/10/2021;30;19:40;17
29/10/2021;28;18:30;12
30/10/2021;31;1:10;14
31/10/2021;35;12:50;18
01/11/2021;39;16:30;21
02/11/2021;45;15:00;24
03/11/2021;32;11:50;17
04/11/2021;27;9:50;15
05/11/2021;24;14:30;12
06/11/2021;28;16:20;17
07/11/2021;27;13:10;18
08/11/2021;30;16:50;15
09/11/2021;29;12:50;17
10/11/2021;23;17:10;12
11/11/2021;13;16:50;7
12/11/2021;48;15:00;11
13/11/2021;17;15:30;11
14/11/2021;28;15:50;17
15/11/2021;25;3:10;13
16/11/2021;15;11:20;10
17/11/2021;31;13:20;15
18/11/2021;24;14:00;12
19/11/2021;10;17:40;8
20/11/2021;9;16:50;5
21/11/2021;10;18:20;5
22/11/2021;20;3:10;12
23/11/2021;24;14:20;10
24/11/2021;18;16:30;11
25/11/2021;36;5:10;21
26/11/2021;31;16:50;16
27/11/2021;42;2:50;24
28/11/2021;35;15:20;19
29/11/2021;24;8:30;14
30/11/2021;14;15:20;8
01/12/2021;39;12:20;22
02/12/2021;40;15:30;22
03/12/2021;37;14:20;21
04/12/2021;52;8:20;31
05/12/2021;33;14:20;20
06/12/2021;41;18:30;21
07/12/2021;47;17:30;24
08/12/2021;46;1:00;23
09/12/2021;;;
10/12/2021;57;12:30;32
11/12/2021;21;15:10;12
12/12/2021;13;16:20;8
13/12/2021;19;14:00;10
14/12/2021;12;9:20;7
15/12/2021;8;1:50;5
16/12/2021;11;15:00;6
17/12/2021;15;15:30;9
18/12/2021;16;23:00;8
19/12/2021;19;2:10;9
20/12/2021;18;4:30;8
21/12/2021;15;16:40;8
22/12/2021;12;16:40;7
23/12/2021;22;14:00;9
24/12/2021;27;1:40;15
25/12/2021;19;6:20;11
26/12/2021;32;14:00;17
27/12/2021;54;7:20;26
28/12/2021;73;2:10;36
29/12/2021;44;4:40;26
30/12/2021;21;15:30;12
31/12/2021;16;23:59;10
01/01/2022;26;1:10;16
02/01/2022;26;14:40;13
03/01/2022;30;14:20;18
04/01/2022;54;11:30;27
05/01/2022;26;3:20;14
06/01/2022;22;18:00;13
07/01/2022;22;18:00;14
08/01/2022;45;19:40;23
09/01/2022;51;4:20;26
10/01/2022;37;9:00;19
11/01/2022;26;15:00;15
12/01/2022;26;1:30;12
13/01/2022;9;1:20;5
14/01/2022;14;15:30;8
15/01/2022;9;11:30;4
16/01/2022;7;13:20;4
17/01/2022;16;16:30;9
18/01/2022;9;10:20;6
19/01/2022;12;10:40;8
20/01/2022;17;20:50;9
21/01/2022;27;15:10;14
22/01/2022;17;18:10;10
23/01/2022;19;17:10;10
24/01/2022;16;16:30;7
25/01/2022;8;7:00;5
26/01/2022;8;19:10;5
27/01/2022;14;16:50;6
28/01/2022;23;18:10;12
29/01/2022;10;6:10;6
30/01/2022;21;17:00;13
31/01/2022;32;17:20;19
01/02/2022;23;12:00;14
02/02/2022;9;12:10;5
03/02/2022;13;2:30;6
04/02/2022;11;22:20;7
05/02/2022;26;14:50;14
06/02/2022;14;18:20;6
07/02/2022;29;15:10;13
08/02/2022;27;16:10;15
09/02/2022;21;15:10;10
10/02/2022;10;16:10;6
11/02/2022;18;17:20;10
12/02/2022;19;16:20;9
13/02/2022;51;18:40;24
14/02/2022;45;14:00;23
15/02/2022;33;14:00;20
16/02/2022;45;11:10;25
17/02/2022;29;0:20;17
18/02/2022;46;12:10;27
19/02/2022;30;14:20;18
20/02/2022;19;13:30;10
21/02/2022;39;14:00;22
22/02/2022;18;18:50;10
23/02/2022;18;19:20;10
24/02/2022;26;15:00;14
25/02/2022;33;14:20;15
26/02/2022;31;16:30;17
27/02/2022;23;10:10;12
28/02/2022;17;16:10;10
01/03/2022;35;15:40;19
02/03/2022;36;10:30;21
03/03/2022;24;21:50;14
04/03/2022;37;15:50;21
05/03/2022;28;14:30;15
06/03/2022;21;15:50;10
07/03/2022;35;19:00;18
08/03/2022;35;16:30;19
09/03/2022;26;22:20;14
10/03/2022;26;0:50;15
11/03/2022;45;15:30;22
12/03/2022;42;13:20;23
13/03/2022;46;2:20;26
14/03/2022;62;22:10;32
15/03/2022;69;3:00;37
16/03/2022;33;0:10;15
17/03/2022;32;14:00;18
18/03/2022;19;1:10;10
19/03/2022;28;15:50;17
20/03/2022;51;16:10;28
21/03/2022;53;15:00;30
22/03/2022;59;10:10;32
23/03/2022;52;17:20;29
24/03/2022;41;13:40;23
25/03/2022;28;14:30;16
26/03/2022;39;19:30;19
27/03/2022;37;18:40;19
28/03/2022;42;13:40;27
29/03/2022;23;18:50;13
30/03/2022;26;18:50;15
31/03/2022;33;19:20;19
01/04/2022;37;18:50;19
02/04/2022;33;16:40;19
03/04/2022;32;17:10;19
04/04/2022;30;11:10;18
05/04/2022;26;17:30;12
06/04/2022;22;18:50;11
07/04/2022;46;13:40;27
08/04/2022;50;9:30;26
09/04/2022;19;18:30;9
10/04/2022;46;21:50;27
11/04/2022;47;18:10;24
12/04/2022;36;2:20;20
13/04/2022;30;19:10;17
14/04/2022;27;17:50;13
15/04/2022;22;18:30;12
16/04/2022;28;16:50;16
17/04/2022;31;17:30;18
18/04/2022;26;17:30;14
19/04/2022;28;13:30;14
20/04/2022;45;14:40;24
21/04/2022;16;19:20;8
22/04/2022;34;15:40;18
23/04/2022;54;11:30;21
24/04/2022;34;5:20;17
25/04/2022;15;16:50;8
26/04/2022;38;18:20;19
27/04/2022;25;15:30;15
28/04/2022;21;18:30;10
29/04/2022;23;19:00;13
30/04/2022;29;18:10;13
01/05/2022;29;18:00;15
02/05/2022;27;19:10;14
03/05/2022;21;18:50;10
04/05/2022;23;16:10;11
05/05/2022;24;17:20;13
06/05/2022;25;16:40;12
07/05/2022;34;13:50;15
08/05/2022;29;19:40;14
09/05/2022;19;14:00;6
10/05/2022;22;17:40;10
11/05/2022;34;18:20;15
12/05/2022;22;17:50;11
13/05/2022;28;19:50;12
14/05/2022;47;15:50;22
15/05/2022;40;19:00;21
16/05/2022;28;13:30;14
17/05/2022;39;13:30;20
18/05/2022;31;15:30;17
19/05/2022;22;0:10;11
20/05/2022;32;18:30;13
21/05/2022;29;13:40;13
22/05/2022;42;19:20;19
23/05/2022;29;16:10;13
24/05/2022;31;19:30;17
25/05/2022;35;16:30;19
26/05/2022;25;14:40;14
27/05/2022;23;14:00;12
28/05/2022;26;16:30;13
29/05/2022;27;16:00;15
30/05/2022;30;17:40;15
31/05/2022;26;20:10;14
01/06/2022;36;16:00;22
02/06/2022;31;19:20;15
03/06/2022;30;18:00;15
04/06/2022;31;16:20;15
05/06/2022;33;18:30;15
06/06/2022;31;17:10;18
07/06/2022;25;18:50;13
08/06/2022;28;19:40;13
09/06/2022;31;17:30;17
10/06/2022;28;17:50;13
11/06/2022;43;15:20;20
12/06/2022;42;14:20;17
13/06/2022;22;20:20;11
14/06/2022;29;14:30;15
15/06/2022;32;17:20;16
16/06/2022;19;13:00;8
17/06/2022;39;1:30;21
18/06/2022;37;16:00;20
19/06/2022;48;15:10;24
20/06/2022;32;19:00;17
21/06/2022;38;18:10;18
22/06/2022;24;20:20;14
23/06/2022;49;15:00;24
24/06/2022;44;16:10;21
25/06/2022;31;17:40;13
26/06/2022;26;16:00;13
27/06/2022;30;16:20;16
28/06/2022;35;16:00;14
29/06/2022;34;15:10;18
30/06/2022;32;18:50;14
01/07/2022;28;18:10;14
02/07/2022;33;17:40;17
03/07/2022;42;16:20;20
04/07/2022;33;19:00;15
05/07/2022;30;18:00;12
06/07/2022;30;16:10;10
07/07/2022;38;15:00;14
08/07/2022;35;14:20;15
09/07/2022;31;18:50;17
10/07/2022;30;17:20;13
11/07/2022;25;17:40;12
12/07/2022;30;19:10;13
13/07/2022;27;17:50;12
14/07/2022;29;17:10;13
15/07/2022;27;17:40;15
16/07/2022;23;18:40;11
17/07/2022;21;17:50;9
18/07/2022;31;19:20;18
19/07/2022;50;15:10;25
20/07/2022;42;18:10;16
21/07/2022;32;19:40;16
22/07/2022;30;15:00;16
23/07/2022;28;17:20;14
24/07/2022;32;20:00;17
25/07/2022;34;17:00;17
26/07/2022;30;16:10;14
27/07/2022;34;17:10;15
28/07/2022;29;18:00;14
29/07/2022;31;18:10;13
30/07/2022;34;17:00;14
31/07/2022;31;18:30;15
01/08/2022;30;16:30;16
02/08/2022;31;19:00;15
03/08/2022;46;17:00;23
04/08/2022;33;18:30;18
05/08/2022;30;17:40;15
06/08/2022;26;19:20;13
07/08/2022;28;19:40;13
08/08/2022;26;18:30;13
09/08/2022;31;2:10;15
10/08/2022;30;23:00;12
11/08/2022;31;11:10;15
12/08/2022;35;18:30;18
13/08/2022;48;16:30;24
14/08/2022;34;14:10;16
15/08/2022;29;19:20;15
16/08/2022;41;16:10;21
17/08/2022;36;13:10;20
18/08/2022;31;18:00;15
19/08/2022;29;19:20;12
20/08/2022;30;17:50;14
21/08/2022;34;17:50;16
22/08/2022;23;17:00;12
23/08/2022;26;18:30;12
24/08/2022;31;15:40;15
25/08/2022;28;17:50;14
26/08/2022;32;17:30;14
27/08/2022;27;19:10;12
28/08/2022;38;18:20;20
29/08/2022;32;14:10;16
30/08/2022;36;18:20;14
31/08/2022;36;16:30;15
01/09/2022;29;18:10;14
02/09/2022;30;17:00;15
03/09/2022;26;18:50;9
04/09/2022;33;18:40;19
05/09/2022;47;14:50;22
06/09/2022;45;15:00;24
07/09/2022;40;13:00;22
08/09/2022;37;16:30;17
09/09/2022;28;17:20;14
10/09/2022;23;19:50;11
11/09/2022;24;12:50;11
12/09/2022;39;19:30;18
13/09/2022;45;17:40;23
14/09/2022;42;14:20;22
15/09/2022;21;17:00;10
16/09/2022;31;17:40;15
17/09/2022;26;16:00;14
18/09/2022;14;20:50;8
19/09/2022;29;17:00;13
20/09/2022;28;17:30;16
21/09/2022;25;19:10;12
22/09/2022;19;19:40;10
23/09/2022;22;17:40;11
24/09/2022;22;18:50;13
25/09/2022;26;16:30;14
26/09/2022;26;16:30;13
29/09/2022;34;16:20;20
30/09/2022;30;16:30;17
01/10/2022;15;14:30;8
02/10/2022;27;18:20;13
03/10/2022;18;18:20;9
04/10/2022;21;19:00;9
05/10/2022;27;18:40;13
06/10/2022;23;17:00;9
07/10/2022;19;19:50;9
08/10/2022;19;17:50;10
09/10/2022;21;20:40;12
10/10/2022;22;6:30;9
11/10/2022;24;16:50;10
12/10/2022;25;17:20;12
13/10/2022;23;19:20;11
14/10/2022;22;16:20;11
15/10/2022;23;17:00;10
16/10/2022;37;23:40;19
17/10/2022;38;0:40;20
18/10/2022;33;13:20;18
19/10/2022;53;16:00;27
20/10/2022;48;16:10;20
21/10/2022;52;1:20;20
22/10/2022;50;21:10;19
23/10/2022;82;14:20;36
24/10/2022;38;12:40;20
25/10/2022;58;14:50;32
26/10/2022;27;2:50;13
27/10/2022;38;11:30;20
28/10/2022;25;0:20;14
29/10/2022;30;15:20;15
30/10/2022;19;0:50;11
31/10/2022;45;15:50;18
01/11/2022;37;14:10;19
02/11/2022;14;17:50;7
03/11/2022;38;7:30;18
04/11/2022;41;9:30;22
05/11/2022;11;2:10;6
06/11/2022;36;14:20;21
07/11/2022;32;2:50;16
08/11/2022;37;18:20;18
09/11/2022;33;4:30;18
10/11/2022;10;18:50;5
11/11/2022;33;14:20;18
12/11/2022;41;18:40;24
13/11/2022;18;14:20;8
14/11/2022;28;15:10;14
15/11/2022;46;7:40;22
16/11/2022;45;11:20;25
17/11/2022;51;14:20;25
18/11/2022;35;23:40;19
19/11/2022;37;1:00;21
20/11/2022;38;7:30;19
21/11/2022;57;13:40;25
22/11/2022;45;6:10;24
23/11/2022;55;4:10;27
24/11/2022;22;8:20;10
25/11/2022;25;15:20;13
26/11/2022;25;16:00;15
27/11/2022;16;18:50;9
28/11/2022;39;10:10;21
29/11/2022;26;14:00;15
30/11/2022;9;16:10;5
01/12/2022;20;15:00;12
02/12/2022;13;13:50;6
03/12/2022;22;17:10;12
04/12/2022;26;16:00;14
05/12/2022;23;11:30;10
06/12/2022;14;8:10;7
07/12/2022;8;12:20;5
08/12/2022;16;15:40;8
09/12/2022;30;23:20;14
10/12/2022;20;4:10;12
11/12/2022;11;13:50;6
12/12/2022;27;8:00;15
13/12/2022;33;2:00;21
14/12/2022;35;4:40;20
15/12/2022;39;0:40;19
16/12/2022;28;2:20;14
17/12/2022;18;16:30;10
18/12/2022;33;14:30;19
19/12/2022;29;23:59;17
20/12/2022;28;0:10;18
21/12/2022;43;16:10;22
22/12/2022;42;19:30;21
23/12/2022;46;3:20;27
24/12/2022;47;12:50;21
25/12/2022;39;1:40;18
26/12/2022;24;0:30;12
27/12/2022;24;13:50;14
28/12/2022;42;12:10;21
29/12/2022;37;8:50;20
30/12/2022;45;23:30;25
31/12/2022;40;22:50;18
01/01/2023;40;0:20;22
02/01/2023;41;1:30;18
03/01/2023;17;16:30;9
04/01/2023;8;13:50;5
05/01/2023;7;10:20;4
06/01/2023;23;23:59;12
07/01/2023;49;2:40;25
08/01/2023;37;17:20;20
09/01/2023;27;11:40;15
10/01/2023;41;17:10;23
11/01/2023;37;1:50;17
12/01/2023;32;15:50;17
13/01/2023;31;2:10;17
14/01/2023;42;19:10;25
15/01/2023;39;23:30;19
16/01/2023;66;23:20;36
17/01/2023;67;0:10;34
18/01/2023;43;0:40;23
19/01/2023;49;15:10;25
20/01/2023;21;2:20;12
21/01/2023;27;15:20;16
22/01/2023;30;16:30;16
23/01/2023;34;17:50;18
24/01/2023;22;0:40;11
25/01/2023;17;21:20;10
26/01/2023;31;15:20;20
27/01/2023;36;17:00;17
28/01/2023;28;14:00;15
29/01/2023;30;12:30;13
30/01/2023;21;11:50;12
31/01/2023;20;13:00;10
